Age,Embarked,Fare,Parch,Pclass,Sex,SibSp,Survived,date,rating,Initial,Name_length,Title,Family_Size,Name_scaled,Title2,Title_train,W_Master,Age_cut1,Age_band,CategoricalAge,FareCut,Fare_scale,Sex_bool,Has_Cabin,IsAlone,Embarkedch,Title2ch
22,0,7.25,0,3,0,1,0,03/23/2009,5,Mr,23,Mr,2,-0.434672231,Mr,1,1,2,0,"(16.136, 32.102]",0,7.25,0,0,0,1,2
38,1,71.2833,0,1,1,1,1,03/26/2015,3,Mrs,51,Mrs,2,2.511805781,Mrs,3,1,3,0,"(32.102, 48.068]",3,71.28,1,1,0,2,3
26,0,7.925,0,3,1,0,1,01/07/2007,3,Miss,22,Miss,1,-0.539903589,Miss,2,1,2,0,"(16.136, 32.102]",1,7.92,1,0,1,1,1
35,0,53.1,0,1,1,1,1,04/18/2005,4,Mrs,44,Mrs,2,1.775186278,Mrs,3,1,3,0,"(32.102, 48.068]",3,53.1,1,1,0,1,3
35,0,8.05,0,3,0,0,0,02/25/2009,5,Mr,24,Mr,1,-0.329440873,Mr,1,1,3,0,"(32.102, 48.068]",1,8.05,0,0,1,1,2
54,0,51.8625,0,1,0,0,0,06/04/2014,5,Mr,23,Mr,1,-0.434672231,Mr,1,1,4,0,"(48.068, 64.034]",3,51.86,0,1,1,1,2
2,0,21.075,1,3,0,3,0,07/06/2015,5,Master,30,Master,5,0.301947272,Master,4,0,1,0,"(0.0902, 16.136]",2,21.07,0,0,0,1,0
27,0,11.1333,2,3,1,0,1,11/22/2002,4,Mrs,49,Mrs,3,2.301343066,Mrs,3,1,2,0,"(16.136, 32.102]",1,11.13,1,0,0,1,3
14,1,30.0708,0,2,1,1,1,03/08/2004,4,Mrs,35,Mrs,2,0.82810406,Mrs,3,1,1,0,"(0.0902, 16.136]",2,30.07,1,0,0,2,3
4,0,16.7,1,3,1,1,1,09/12/2014,5,Miss,31,Miss,3,0.40717863,Miss,2,1,1,0,"(0.0902, 16.136]",2,16.7,1,1,0,1,1
58,0,26.55,0,1,1,0,1,03/24/2011,4,Miss,24,Miss,1,-0.329440873,Miss,2,1,4,0,"(48.068, 64.034]",2,26.55,1,1,1,1,1
20,0,8.05,0,3,0,0,0,09/17/2003,4,Mr,30,Mr,1,0.301947272,Mr,1,1,2,0,"(16.136, 32.102]",1,8.05,0,0,1,1,2
39,0,31.275,5,3,0,1,0,11/09/2012,4,Mr,27,Mr,7,-0.013746801,Mr,1,1,3,0,"(32.102, 48.068]",3,31.27,0,0,0,1,2
14,0,7.8542,0,3,1,0,0,03/08/2003,5,Miss,36,Miss,1,0.933335418,Miss,2,1,1,0,"(0.0902, 16.136]",0,7.85,1,0,1,1,1
55,0,16,0,2,1,0,1,04/14/2005,4,Mrs,32,Mrs,1,0.512409987,Mrs,3,1,4,0,"(48.068, 64.034]",2,16,1,0,1,1,3
2,2,29.125,1,3,0,4,0,05/25/2010,3,Master,20,Master,6,-0.750366304,Master,4,0,1,0,"(0.0902, 16.136]",2,29.12,0,0,0,3,0
31,0,18,0,3,1,1,0,12/08/2002,5,Mrs,55,Mrs,2,2.932731212,Mrs,3,1,2,0,"(16.136, 32.102]",2,18,1,0,0,1,3
35,0,26,0,2,0,0,0,08/04/2007,3,Mr,20,Mr,1,-0.750366304,Mr,1,1,3,0,"(32.102, 48.068]",2,26,0,0,1,1,2
34,0,13,0,2,0,0,1,04/26/2015,3,Mr,21,Mr,1,-0.645134946,Mr,1,1,3,0,"(32.102, 48.068]",1,13,0,1,1,1,2
15,2,8.0292,0,3,1,0,1,01/09/2011,5,Miss,27,Miss,1,-0.013746801,Miss,2,1,1,0,"(0.0902, 16.136]",1,8.03,1,0,1,3,1
28,0,35.5,0,1,0,0,1,07/13/2012,5,Mr,28,Mr,1,0.091484557,Mr,1,1,2,0,"(16.136, 32.102]",3,35.5,0,1,1,1,2
8,0,21.075,1,3,1,3,0,02/12/2015,3,Miss,29,Miss,5,0.196715914,Miss,2,1,1,0,"(0.0902, 16.136]",2,21.07,1,0,0,1,1
38,0,31.3875,5,3,1,1,1,10/08/2002,5,Mrs,57,Mrs,7,3.143193927,Mrs,3,1,3,0,"(32.102, 48.068]",3,31.39,1,0,0,1,3
19,0,263,2,1,0,3,0,04/10/2003,4,Mr,30,Mr,6,0.301947272,Mr,1,1,2,0,"(16.136, 32.102]",3,263,0,1,0,1,2
40,1,27.7208,0,1,0,0,0,08/09/2012,4,Don,24,Royalty,1,-0.329440873,Rare,5,1,3,0,"(32.102, 48.068]",2,27.72,0,0,1,2,4
66,0,10.5,0,2,0,0,0,10/30/2004,4,Mr,21,Mr,1,-0.645134946,Mr,1,1,5,0,"(64.034, 80.0]",1,10.5,0,0,1,1,2
28,1,82.1708,0,1,0,1,0,06/03/2008,4,Mr,23,Mr,2,-0.434672231,Mr,1,1,2,0,"(16.136, 32.102]",3,82.17,0,0,0,2,2
42,0,52,0,1,0,1,0,08/16/2009,4,Mr,30,Mr,2,0.301947272,Mr,1,1,3,0,"(32.102, 48.068]",3,52,0,0,0,1,2
21,0,8.05,0,3,0,0,0,01/08/2002,5,Mr,24,Mr,1,-0.329440873,Mr,1,1,2,0,"(16.136, 32.102]",1,8.05,0,0,1,1,2
18,0,18,0,3,1,2,0,01/30/2014,4,Miss,34,Miss,3,0.722872702,Miss,2,1,2,0,"(16.136, 32.102]",2,18,1,0,0,1,1
14,1,11.2417,0,3,1,1,1,11/15/2002,5,Miss,27,Miss,2,-0.013746801,Miss,2,1,1,0,"(0.0902, 16.136]",1,11.24,1,0,0,2,1
40,0,9.475,0,3,1,1,0,11/12/2011,5,Mrs,46,Mrs,2,1.985648993,Mrs,3,1,3,0,"(32.102, 48.068]",1,9.47,1,0,0,1,3
27,0,21,0,2,1,1,0,03/01/2003,5,Mrs,56,Mrs,2,3.037962569,Mrs,3,1,2,0,"(16.136, 32.102]",2,21,1,0,0,1,3
3,1,41.5792,2,2,1,1,1,01/03/2004,4,Miss,40,Miss,4,1.354260848,Miss,2,1,1,0,"(0.0902, 16.136]",3,41.58,1,0,0,2,1
19,2,7.8792,0,3,1,0,1,02/03/2009,4,Miss,29,Miss,1,0.196715914,Miss,2,1,2,0,"(16.136, 32.102]",0,7.88,1,0,1,3,1
18,0,17.8,0,3,1,1,0,08/15/2008,4,Mrs,45,Mrs,2,1.880417636,Mrs,3,1,2,0,"(16.136, 32.102]",2,17.8,1,0,0,1,3
7,0,39.6875,1,3,0,4,0,10/31/2005,4,Master,26,Master,6,-0.118978158,Master,4,0,1,0,"(0.0902, 16.136]",3,39.69,0,0,0,1,0
21,0,7.8,0,3,0,0,0,12/27/2008,4,Mr,28,Mr,1,0.091484557,Mr,1,1,2,0,"(16.136, 32.102]",0,7.8,0,0,1,1,2
49,1,76.7292,0,1,1,1,1,08/12/2013,4,Mrs,40,Mrs,2,1.354260848,Mrs,3,1,4,0,"(48.068, 64.034]",3,76.73,1,1,0,2,3
29,0,26,0,2,1,1,1,04/05/2015,5,Mrs,50,Mrs,2,2.406574424,Mrs,3,1,2,0,"(16.136, 32.102]",2,26,1,0,0,1,3
65,1,61.9792,1,1,0,0,0,08/28/2012,4,Mr,30,Mr,2,0.301947272,Mr,1,1,5,0,"(64.034, 80.0]",3,61.98,0,1,0,2,2
21,0,10.5,0,2,1,0,1,11/09/2014,3,Miss,17,Miss,1,-1.066060377,Miss,2,1,2,0,"(16.136, 32.102]",1,10.5,1,0,1,1,1
28.5,1,7.2292,0,3,0,0,0,06/14/2014,4,Mr,19,Mr,1,-0.855597661,Mr,1,1,2,0,"(16.136, 32.102]",0,7.23,0,0,1,2,2
5,0,27.75,2,2,1,1,1,01/06/2004,4,Miss,28,Miss,4,0.091484557,Miss,2,1,1,0,"(0.0902, 16.136]",2,27.75,1,0,0,1,1
11,0,46.9,2,3,0,5,0,09/21/2015,5,Master,34,Master,8,0.722872702,Master,4,0,1,0,"(0.0902, 16.136]",3,46.9,0,0,0,1,0
22,1,7.2292,0,3,0,0,0,01/26/2011,3,Mr,21,Mr,1,-0.645134946,Mr,1,1,2,0,"(16.136, 32.102]",0,7.23,0,0,1,2,2
38,-1,80,0,1,1,0,1,11/11/2006,3,Miss,19,Miss,1,-0.855597661,Miss,2,1,3,0,"(32.102, 48.068]",3,80,1,1,1,0,1
45,0,83.475,0,1,0,1,0,10/05/2001,3,Mr,27,Mr,2,-0.013746801,Mr,1,1,3,0,"(32.102, 48.068]",3,83.47,0,1,0,1,2
4,0,27.9,2,3,0,3,0,09/28/2015,5,Master,21,Master,6,-0.645134946,Master,4,0,1,0,"(0.0902, 16.136]",2,27.9,0,0,0,1,0
29,0,10.5,0,2,1,0,1,08/26/2004,3,Mrs,28,Mrs,1,0.091484557,Mrs,3,1,2,0,"(16.136, 32.102]",1,10.5,1,1,1,1,3
19,0,8.1583,0,3,0,0,0,01/26/2009,2,Mr,24,Mr,1,-0.329440873,Mr,1,1,2,0,"(16.136, 32.102]",1,8.16,0,0,1,1,2
17,0,7.925,2,3,1,4,1,12/03/2011,5,Miss,31,Miss,7,0.40717863,Miss,2,1,2,0,"(16.136, 32.102]",1,7.92,1,0,0,1,1
26,0,8.6625,0,3,0,2,0,07/22/2015,3,Mr,17,Mr,3,-1.066060377,Mr,1,1,2,0,"(16.136, 32.102]",1,8.66,0,0,0,1,2
32,0,10.5,0,2,0,0,0,03/05/2013,4,Mr,26,Mr,1,-0.118978158,Mr,1,1,3,0,"(16.136, 32.102]",1,10.5,0,0,1,1,2
16,0,46.9,2,3,1,5,0,10/02/2008,3,Miss,26,Miss,8,-0.118978158,Miss,2,1,2,0,"(0.0902, 16.136]",3,46.9,1,0,0,1,1
21,0,73.5,0,2,0,0,0,10/06/2006,4,Mr,20,Mr,1,-0.750366304,Mr,1,1,2,0,"(16.136, 32.102]",3,73.5,0,0,1,1,2
26,1,14.4542,0,3,0,1,0,12/17/2008,2,Mr,27,Mr,2,-0.013746801,Mr,1,1,2,0,"(16.136, 32.102]",2,14.45,0,0,0,2,2
32,0,56.4958,0,3,0,0,1,06/25/2003,3,Mr,13,Mr,1,-1.486985807,Mr,1,1,3,0,"(16.136, 32.102]",3,56.5,0,0,1,1,2
25,0,7.65,0,3,0,0,0,09/22/2004,2,Mr,23,Mr,1,-0.434672231,Mr,1,1,2,0,"(16.136, 32.102]",0,7.65,0,1,1,1,2
0.83,0,29,2,2,0,0,1,07/10/2006,3,Master,29,Master,3,0.196715914,Master,4,0,1,0,"(0.0902, 16.136]",2,29,0,0,0,1,0
30,0,12.475,0,3,1,0,1,10/28/2010,5,Miss,24,Miss,1,-0.329440873,Miss,2,1,2,0,"(16.136, 32.102]",1,12.47,1,0,1,1,1
22,0,9,0,3,0,0,0,02/02/2002,3,Mr,20,Mr,1,-0.750366304,Mr,1,1,2,0,"(16.136, 32.102]",1,9,0,0,1,1,2
29,0,9.5,0,3,0,0,1,09/26/2001,5,Mr,27,Mr,1,-0.013746801,Mr,1,1,2,0,"(16.136, 32.102]",1,9.5,0,0,1,1,2
28,0,47.1,0,1,0,0,0,09/15/2009,2,Mr,23,Mr,1,-0.434672231,Mr,1,1,2,0,"(16.136, 32.102]",3,47.1,0,0,1,1,2
17,0,10.5,0,2,1,0,1,09/22/2011,4,Miss,19,Miss,1,-0.855597661,Miss,2,1,2,0,"(16.136, 32.102]",1,10.5,1,0,1,1,1
33,0,15.85,0,3,1,3,1,10/20/2003,5,Mrs,55,Mrs,4,2.932731212,Mrs,3,1,3,0,"(32.102, 48.068]",2,15.85,1,0,0,1,3
16,0,34.375,3,3,0,1,0,10/29/2009,5,Mr,22,Mr,5,-0.539903589,Mr,1,1,2,0,"(0.0902, 16.136]",3,34.38,0,0,0,1,2
23,0,263,2,1,1,3,1,06/15/2002,5,Miss,26,Miss,6,-0.118978158,Miss,2,1,2,0,"(16.136, 32.102]",3,263,1,1,0,1,1
24,0,8.05,0,3,0,0,0,05/21/2012,4,Mr,22,Mr,1,-0.539903589,Mr,1,1,2,0,"(16.136, 32.102]",1,8.05,0,0,1,1,2
29,0,8.05,0,3,0,0,0,06/29/2015,4,Mr,20,Mr,1,-0.750366304,Mr,1,1,2,0,"(16.136, 32.102]",1,8.05,0,0,1,1,2
20,0,7.8542,0,3,0,0,0,09/23/2012,2,Mr,26,Mr,1,-0.118978158,Mr,1,1,2,0,"(16.136, 32.102]",0,7.85,0,0,1,1,2
46,0,61.175,0,1,0,1,0,12/09/2002,3,Mr,27,Mr,2,-0.013746801,Mr,1,1,3,0,"(32.102, 48.068]",3,61.17,0,1,0,1,2
26,0,20.575,2,3,0,1,0,09/14/2013,5,Mr,23,Mr,4,-0.434672231,Mr,1,1,2,0,"(16.136, 32.102]",2,20.57,0,0,0,1,2
59,0,7.25,0,3,0,0,0,12/14/2005,3,Mr,17,Mr,1,-1.066060377,Mr,1,1,4,0,"(48.068, 64.034]",0,7.25,0,0,1,1,2
71,1,34.6542,0,1,0,0,0,07/26/2005,4,Mr,25,Mr,1,-0.224209516,Mr,1,1,5,0,"(64.034, 80.0]",3,34.65,0,1,1,2,2
23,1,63.3583,1,1,0,0,1,11/25/2013,5,Mr,31,Mr,2,0.40717863,Mr,1,1,2,0,"(16.136, 32.102]",3,63.36,0,1,0,2,2
34,0,23,1,2,1,0,1,01/27/2008,4,Mrs,36,Mrs,2,0.933335418,Mrs,3,1,3,0,"(32.102, 48.068]",2,23,1,0,0,1,3
34,0,26,0,2,0,1,0,11/10/2001,3,Mr,17,Mr,2,-1.066060377,Mr,1,1,3,0,"(32.102, 48.068]",2,26,0,0,0,1,2
28,0,7.8958,0,3,1,0,0,04/16/2004,3,Miss,23,Miss,1,-0.434672231,Miss,2,1,2,0,"(16.136, 32.102]",0,7.9,1,0,1,1,1
21,0,77.2875,1,1,0,0,0,11/29/2012,5,Mr,25,Mr,2,-0.224209516,Mr,1,1,2,0,"(16.136, 32.102]",3,77.29,0,1,0,1,2
33,0,8.6542,0,3,0,0,0,08/09/2013,4,Mr,26,Mr,1,-0.118978158,Mr,1,1,3,0,"(32.102, 48.068]",1,8.65,0,0,1,1,2
37,0,7.925,0,3,0,2,0,04/01/2004,4,Mr,30,Mr,3,0.301947272,Mr,1,1,3,0,"(32.102, 48.068]",1,7.92,0,0,0,1,2
28,0,7.8958,0,3,0,0,0,02/04/2006,4,Mr,21,Mr,1,-0.645134946,Mr,1,1,2,0,"(16.136, 32.102]",0,7.9,0,0,1,1,2
21,0,7.65,0,3,1,0,1,07/06/2001,5,Miss,32,Miss,1,0.512409987,Miss,2,1,2,0,"(16.136, 32.102]",0,7.65,1,0,1,1,1
38,0,7.8958,0,3,0,0,0,12/09/2003,5,Mr,15,Mr,1,-1.276523092,Mr,1,1,3,0,"(32.102, 48.068]",0,7.9,0,0,1,1,2
47,0,52,0,1,0,0,0,10/24/2002,3,Mr,30,Mr,1,0.301947272,Mr,1,1,3,0,"(32.102, 48.068]",3,52,0,1,1,1,2
14.5,1,14.4542,0,3,1,1,0,03/31/2007,4,Miss,20,Miss,2,-0.750366304,Miss,2,1,1,0,"(0.0902, 16.136]",2,14.45,1,0,0,2,1
22,0,8.05,0,3,0,0,0,12/06/2001,3,Mr,22,Mr,1,-0.539903589,Mr,1,1,2,0,"(16.136, 32.102]",1,8.05,0,0,1,1,2
20,0,9.825,0,3,1,1,0,12/26/2006,3,Miss,23,Miss,2,-0.434672231,Miss,2,1,2,0,"(16.136, 32.102]",1,9.82,1,0,0,1,1
17,1,14.4583,0,3,1,0,0,02/14/2006,2,Miss,21,Miss,1,-0.645134946,Miss,2,1,2,0,"(16.136, 32.102]",2,14.46,1,0,1,2,1
21,0,7.925,0,3,0,0,0,09/21/2014,5,Mr,21,Mr,1,-0.645134946,Mr,1,1,2,0,"(16.136, 32.102]",1,7.92,0,0,1,1,2
70.5,2,7.75,0,3,0,0,0,04/06/2003,4,Mr,20,Mr,1,-0.750366304,Mr,1,1,5,0,"(64.034, 80.0]",0,7.75,0,0,1,3,2
29,0,21,0,2,0,1,0,11/09/2011,5,Mr,31,Mr,2,0.40717863,Mr,1,1,2,0,"(16.136, 32.102]",2,21,0,0,0,1,2
24,1,247.5208,1,1,0,0,0,12/04/2006,3,Mr,24,Mr,2,-0.329440873,Mr,1,1,2,0,"(16.136, 32.102]",3,247.52,0,1,0,2,2
2,0,31.275,2,3,1,4,0,06/15/2003,5,Miss,33,Miss,7,0.617641345,Miss,2,1,1,0,"(0.0902, 16.136]",3,31.27,1,0,0,1,1
21,0,73.5,0,2,0,2,0,08/31/2004,5,Mr,27,Mr,3,-0.013746801,Mr,1,1,2,0,"(16.136, 32.102]",3,73.5,0,0,0,1,2
32.5,1,30.0708,0,2,0,1,0,04/09/2014,3,Mr,20,Mr,2,-0.750366304,Mr,1,1,3,0,"(32.102, 48.068]",2,30.07,0,0,0,2,2
32.5,0,13,0,2,1,0,1,12/15/2001,4,Miss,19,Miss,1,-0.855597661,Miss,2,1,3,0,"(32.102, 48.068]",1,13,1,1,1,1,1
54,0,77.2875,1,1,0,0,0,03/13/2008,4,Mr,27,Mr,2,-0.013746801,Mr,1,1,4,0,"(48.068, 64.034]",3,77.29,0,1,0,1,2
12,1,11.2417,0,3,0,1,1,12/08/2001,2,Master,28,Master,2,0.091484557,Master,4,0,1,0,"(0.0902, 16.136]",1,11.24,0,0,0,2,0
24,0,7.1417,0,3,0,0,1,12/08/2008,5,Mr,25,Mr,1,-0.224209516,Mr,1,1,2,0,"(16.136, 32.102]",0,7.14,0,0,1,1,2
45,0,6.975,0,3,0,0,0,06/29/2004,4,Mr,18,Mr,1,-0.960829019,Mr,1,1,3,0,"(32.102, 48.068]",0,6.97,0,0,1,1,2
33,1,7.8958,0,3,0,0,0,10/10/2015,4,Mr,20,Mr,1,-0.750366304,Mr,1,1,3,0,"(32.102, 48.068]",0,7.9,0,0,1,2,2
20,0,7.05,0,3,0,0,0,02/09/2006,5,Mr,30,Mr,1,0.301947272,Mr,1,1,2,0,"(16.136, 32.102]",0,7.05,0,0,1,1,2
47,0,14.5,0,3,1,1,0,08/16/2015,3,Mrs,46,Mrs,2,1.985648993,Mrs,3,1,3,0,"(32.102, 48.068]",2,14.5,1,0,0,1,3
29,0,26,0,2,1,1,1,12/14/2003,2,Mrs,45,Mrs,2,1.880417636,Mrs,3,1,2,0,"(16.136, 32.102]",2,26,1,0,0,1,3
25,0,13,0,2,0,0,0,10/27/2012,3,Mr,30,Mr,1,0.301947272,Mr,1,1,2,0,"(16.136, 32.102]",1,13,0,0,1,1,2
23,1,15.0458,0,2,0,0,0,01/15/2010,4,Mr,18,Mr,1,-0.960829019,Mr,1,1,2,0,"(16.136, 32.102]",2,15.05,0,0,1,2,2
19,0,26.2833,2,1,1,0,1,09/14/2004,3,Miss,28,Miss,3,0.091484557,Miss,2,1,2,0,"(16.136, 32.102]",2,26.28,1,1,0,1,1
37,0,53.1,0,1,0,1,0,06/08/2011,4,Mr,27,Mr,2,-0.013746801,Mr,1,1,3,0,"(32.102, 48.068]",3,53.1,0,1,0,1,2
16,0,9.2167,0,3,0,0,0,01/09/2015,3,Mr,19,Mr,1,-0.855597661,Mr,1,1,2,0,"(0.0902, 16.136]",1,9.22,0,0,1,1,2
24,1,79.2,0,1,0,0,0,02/28/2005,4,Mr,18,Mr,1,-0.960829019,Mr,1,1,2,0,"(16.136, 32.102]",3,79.2,0,1,1,2,2
22,0,7.75,0,3,1,0,1,11/25/2015,3,Miss,24,Miss,1,-0.329440873,Miss,2,1,2,0,"(16.136, 32.102]",0,7.75,1,0,1,1,1
24,0,15.85,0,3,1,1,1,06/27/2009,5,Mrs,52,Mrs,2,2.617037139,Mrs,3,1,2,0,"(16.136, 32.102]",2,15.85,1,0,0,1,3
19,2,6.75,0,3,0,0,0,09/15/2004,4,Mr,19,Mr,1,-0.855597661,Mr,1,1,2,0,"(16.136, 32.102]",0,6.75,0,0,1,3,2
18,0,11.5,0,2,0,0,0,05/31/2005,3,Mr,26,Mr,1,-0.118978158,Mr,1,1,2,0,"(16.136, 32.102]",1,11.5,0,0,1,1,2
19,0,36.75,1,2,0,1,0,04/04/2010,5,Mr,28,Mr,3,0.091484557,Mr,1,1,2,0,"(16.136, 32.102]",3,36.75,0,0,0,1,2
27,0,7.7958,0,3,0,0,1,06/01/2013,5,Mr,44,Mr,1,1.775186278,Mr,1,1,2,0,"(16.136, 32.102]",0,7.8,0,0,1,1,2
9,0,34.375,2,3,1,2,0,01/23/2010,4,Miss,32,Miss,5,0.512409987,Miss,2,1,1,0,"(0.0902, 16.136]",3,34.38,1,0,0,1,1
36.5,0,26,2,2,0,0,0,11/05/2006,1,Mr,40,Mr,3,1.354260848,Mr,1,1,3,0,"(32.102, 48.068]",2,26,0,1,0,1,2
42,0,13,0,2,0,0,0,08/27/2003,3,Rev,33,Officer,1,0.617641345,Rare,5,1,3,0,"(32.102, 48.068]",1,13,0,0,1,1,4
51,0,12.525,0,2,0,0,0,10/09/2012,3,Rev,26,Officer,1,-0.118978158,Rare,5,1,4,0,"(48.068, 64.034]",1,12.53,0,0,1,1,4
22,0,66.6,0,1,1,1,1,01/31/2012,2,Mrs,33,Mrs,2,0.617641345,Mrs,3,1,2,0,"(16.136, 32.102]",3,66.6,1,1,0,1,3
55.5,0,8.05,0,3,0,0,0,12/20/2002,5,Mr,16,Mr,1,-1.171291734,Mr,1,1,4,0,"(48.068, 64.034]",1,8.05,0,0,1,1,2
40.5,0,14.5,2,3,0,0,0,09/07/2012,5,Mr,31,Mr,3,0.40717863,Mr,1,1,3,0,"(32.102, 48.068]",2,14.5,0,0,0,1,2
51,1,61.3792,1,1,0,0,0,10/08/2013,4,Mr,27,Mr,2,-0.013746801,Mr,1,1,4,0,"(48.068, 64.034]",3,61.38,0,0,0,2,2
16,2,7.7333,0,3,1,0,1,01/06/2002,4,Miss,32,Miss,1,0.512409987,Miss,2,1,2,0,"(0.0902, 16.136]",0,7.73,1,0,1,3,1
30,0,8.05,0,3,0,0,0,02/21/2009,5,Mr,15,Mr,1,-1.276523092,Mr,1,1,2,0,"(16.136, 32.102]",1,8.05,0,0,1,1,2
44,0,16.1,1,3,0,0,0,04/17/2012,4,Mr,24,Mr,2,-0.329440873,Mr,1,1,3,0,"(32.102, 48.068]",2,16.1,0,0,0,1,2
40,0,15.75,0,2,1,0,1,04/22/2007,3,Mrs,50,Mrs,1,2.406574424,Mrs,3,1,3,0,"(32.102, 48.068]",2,15.75,1,0,1,1,3
26,0,7.775,0,3,0,0,0,11/25/2009,4,Mr,26,Mr,1,-0.118978158,Mr,1,1,2,0,"(16.136, 32.102]",0,7.78,0,0,1,1,2
17,0,8.6625,0,3,0,0,0,08/09/2001,4,Mr,15,Mr,1,-1.276523092,Mr,1,1,2,0,"(16.136, 32.102]",1,8.66,0,0,1,1,2
1,0,39.6875,1,3,0,4,0,10/21/2003,3,Master,28,Master,6,0.091484557,Master,4,0,1,0,"(0.0902, 16.136]",3,39.69,0,0,0,1,0
9,0,20.525,2,3,0,0,1,03/01/2003,3,Master,47,Master,3,2.090880351,Master,4,0,1,0,"(0.0902, 16.136]",2,20.52,0,0,0,1,0
45,0,27.9,4,3,1,1,0,01/31/2004,5,Mrs,47,Mrs,6,2.090880351,Mrs,3,1,3,0,"(32.102, 48.068]",2,27.9,1,0,0,1,3
28,0,56.4958,0,3,0,0,0,02/12/2012,5,Mr,13,Mr,1,-1.486985807,Mr,1,1,2,0,"(16.136, 32.102]",3,56.5,0,0,1,1,2
61,0,33.5,0,1,0,0,0,06/14/2008,4,Mr,25,Mr,1,-0.224209516,Mr,1,1,4,0,"(48.068, 64.034]",3,33.5,0,1,1,1,2
4,2,29.125,1,3,0,4,0,10/28/2002,3,Master,20,Master,6,-0.750366304,Master,4,0,1,0,"(0.0902, 16.136]",2,29.12,0,0,0,3,0
1,0,11.1333,1,3,1,1,1,07/09/2009,5,Miss,28,Miss,3,0.091484557,Miss,2,1,1,0,"(0.0902, 16.136]",1,11.13,1,0,0,1,1
21,0,7.925,0,3,0,0,0,10/02/2009,4,Mr,25,Mr,1,-0.224209516,Mr,1,1,2,0,"(16.136, 32.102]",1,7.92,0,0,1,1,2
56,1,30.6958,0,1,0,0,0,07/23/2007,2,Mr,23,Mr,1,-0.434672231,Mr,1,1,4,0,"(48.068, 64.034]",2,30.7,0,1,1,2,2
18,0,7.8542,1,3,0,1,0,06/14/2006,3,Mr,22,Mr,3,-0.539903589,Mr,1,1,2,0,"(16.136, 32.102]",0,7.85,0,0,0,1,2
50,1,28.7125,0,1,1,0,0,08/13/2001,5,Miss,26,Miss,1,-0.118978158,Miss,2,1,4,0,"(48.068, 64.034]",2,28.71,1,1,1,2,1
30,0,13,0,2,0,0,0,06/29/2015,2,Mr,18,Mr,1,-0.960829019,Mr,1,1,2,0,"(16.136, 32.102]",1,13,0,0,1,1,2
36,0,0,0,3,0,0,0,07/28/2009,5,Mr,19,Mr,1,-0.855597661,Mr,1,1,3,0,"(32.102, 48.068]",0,0,0,0,1,1,2
9,0,31.3875,2,3,0,4,0,05/21/2006,4,Master,37,Master,7,1.038566775,Master,4,0,1,0,"(0.0902, 16.136]",3,31.39,0,0,0,1,0
1,0,39,1,2,0,2,1,10/25/2013,2,Master,25,Master,4,-0.224209516,Master,4,0,1,0,"(0.0902, 16.136]",3,39,0,1,0,1,0
4,0,22.025,2,3,1,0,1,01/08/2015,3,Miss,35,Miss,3,0.82810406,Miss,2,1,1,0,"(0.0902, 16.136]",2,22.02,1,0,0,1,1
45,0,26.55,0,1,0,0,1,05/06/2012,4,Mr,45,Mr,1,1.880417636,Mr,1,1,3,0,"(32.102, 48.068]",2,26.55,0,0,1,1,2
40,2,15.5,1,3,0,1,0,03/04/2012,4,Mr,16,Mr,3,-1.171291734,Mr,1,1,3,0,"(32.102, 48.068]",2,15.5,0,0,0,3,2
36,0,7.8958,0,3,0,0,0,12/13/2013,4,Mr,19,Mr,1,-0.855597661,Mr,1,1,3,0,"(32.102, 48.068]",0,7.9,0,0,1,1,2
32,0,13,0,2,1,0,1,04/16/2003,3,Mrs,19,Mrs,1,-0.855597661,Mrs,3,1,3,0,"(16.136, 32.102]",1,13,1,0,1,1,3
19,0,13,0,2,0,0,0,08/15/2008,3,Mr,21,Mr,1,-0.645134946,Mr,1,1,2,0,"(16.136, 32.102]",1,13,0,0,1,1,2
19,0,7.8542,0,3,1,1,1,02/24/2006,5,Miss,47,Miss,2,2.090880351,Miss,2,1,2,0,"(16.136, 32.102]",0,7.85,1,0,0,1,1
3,0,26,1,2,0,1,1,06/08/2006,3,Master,26,Master,3,-0.118978158,Master,4,0,1,0,"(0.0902, 16.136]",2,26,0,1,0,1,0
44,1,27.7208,0,1,1,0,1,08/21/2003,5,Mrs,41,Mrs,1,1.459492206,Mrs,3,1,3,0,"(32.102, 48.068]",2,27.72,1,1,1,2,3
58,1,146.5208,0,1,1,0,1,12/15/2003,4,Miss,20,Miss,1,-0.750366304,Miss,2,1,4,0,"(48.068, 64.034]",3,146.52,1,1,1,2,1
42,0,8.4042,1,3,0,0,0,03/02/2006,4,Mr,32,Mr,2,0.512409987,Mr,1,1,3,0,"(32.102, 48.068]",1,8.4,0,0,0,1,2
24,0,13,0,2,1,0,0,03/09/2002,3,Miss,38,Miss,1,1.143798133,Miss,2,1,2,0,"(16.136, 32.102]",1,13,1,0,1,1,1
28,0,9.5,0,3,0,0,0,01/07/2005,2,Mr,30,Mr,1,0.301947272,Mr,1,1,2,0,"(16.136, 32.102]",1,9.5,0,0,1,1,2
34,0,6.4958,0,3,0,0,0,02/28/2010,4,Mr,26,Mr,1,-0.118978158,Mr,1,1,3,0,"(32.102, 48.068]",0,6.5,0,0,1,1,2
45.5,1,7.225,0,3,0,0,0,09/21/2013,3,Mr,20,Mr,1,-0.750366304,Mr,1,1,3,0,"(32.102, 48.068]",0,7.22,0,0,1,2,2
18,0,8.05,0,3,0,0,1,08/07/2009,4,Mr,24,Mr,1,-0.329440873,Mr,1,1,2,0,"(16.136, 32.102]",1,8.05,0,0,1,1,2
2,0,10.4625,1,3,1,0,0,12/02/2003,1,Miss,26,Miss,2,-0.118978158,Miss,2,1,1,0,"(0.0902, 16.136]",1,10.46,1,1,0,1,1
32,0,15.85,0,3,0,1,0,10/30/2012,4,Mr,26,Mr,2,-0.118978158,Mr,1,1,3,0,"(16.136, 32.102]",2,15.85,0,0,0,1,2
26,1,18.7875,0,3,0,0,1,04/07/2008,4,Mr,27,Mr,1,-0.013746801,Mr,1,1,2,0,"(16.136, 32.102]",2,18.79,0,0,1,2,2
16,2,7.75,0,3,1,0,1,03/18/2013,2,Miss,25,Miss,1,-0.224209516,Miss,2,1,2,0,"(0.0902, 16.136]",0,7.75,1,0,1,3,1
40,1,31,0,1,0,0,1,01/21/2012,5,Mr,16,Mr,1,-1.171291734,Mr,1,1,3,0,"(32.102, 48.068]",2,31,0,1,1,2,2
24,0,7.05,0,3,0,0,0,08/21/2004,5,Mr,14,Mr,1,-1.381754449,Mr,1,1,2,0,"(16.136, 32.102]",0,7.05,0,0,1,1,2
35,0,21,0,2,1,0,1,12/31/2009,4,Miss,26,Miss,1,-0.118978158,Miss,2,1,3,0,"(32.102, 48.068]",2,21,1,0,1,1,1
22,0,7.25,0,3,0,0,0,03/06/2003,4,Mr,22,Mr,1,-0.539903589,Mr,1,1,2,0,"(16.136, 32.102]",0,7.25,0,0,1,1,2
30,0,13,0,2,0,0,0,04/20/2010,5,Mr,27,Mr,1,-0.013746801,Mr,1,1,2,0,"(16.136, 32.102]",1,13,0,0,1,1,2
31,1,113.275,0,1,1,1,1,03/15/2002,5,Miss,23,Miss,2,-0.434672231,Miss,2,1,2,0,"(16.136, 32.102]",3,113.28,1,1,0,2,1
27,0,7.925,0,3,1,0,1,10/22/2015,5,Miss,22,Miss,1,-0.539903589,Miss,2,1,2,0,"(16.136, 32.102]",1,7.92,1,0,1,1,1
42,0,27,0,2,0,1,0,08/15/2013,3,Mr,28,Mr,2,0.091484557,Mr,1,1,3,0,"(32.102, 48.068]",2,27,0,0,0,1,2
32,1,76.2917,0,1,1,0,1,09/02/2011,4,Miss,21,Miss,1,-0.645134946,Miss,2,1,3,0,"(16.136, 32.102]",3,76.29,1,1,1,2,1
30,0,10.5,0,2,0,0,0,01/06/2014,5,Mr,18,Mr,1,-0.960829019,Mr,1,1,2,0,"(16.136, 32.102]",1,10.5,0,0,1,1,2
16,0,8.05,0,3,0,0,1,12/26/2005,5,Mr,30,Mr,1,0.301947272,Mr,1,1,2,0,"(0.0902, 16.136]",1,8.05,0,0,1,1,2
27,0,13,0,2,0,0,0,10/24/2010,3,Mr,20,Mr,1,-0.750366304,Mr,1,1,2,0,"(16.136, 32.102]",1,13,0,0,1,1,2
51,0,8.05,0,3,0,0,0,04/28/2004,4,Mr,23,Mr,1,-0.434672231,Mr,1,1,4,0,"(48.068, 64.034]",1,8.05,0,0,1,1,2
38,0,90,0,1,0,1,1,08/13/2010,2,Mr,28,Mr,2,0.091484557,Mr,1,1,3,0,"(32.102, 48.068]",3,90,0,1,0,1,2
22,0,9.35,0,3,0,0,0,10/12/2004,4,Mr,28,Mr,1,0.091484557,Mr,1,1,2,0,"(16.136, 32.102]",1,9.35,0,0,1,1,2
19,0,10.5,0,2,0,0,1,04/15/2005,5,Mr,25,Mr,1,-0.224209516,Mr,1,1,2,0,"(16.136, 32.102]",1,10.5,0,0,1,1,2
20.5,0,7.25,0,3,0,0,0,04/07/2002,4,Mr,31,Mr,1,0.40717863,Mr,1,1,2,0,"(16.136, 32.102]",0,7.25,0,0,1,1,2
18,0,13,0,2,0,0,0,01/27/2014,4,Mr,25,Mr,1,-0.224209516,Mr,1,1,2,0,"(16.136, 32.102]",1,13,0,0,1,1,2
35,0,83.475,0,1,1,1,1,07/16/2012,4,Mrs,44,Mrs,2,1.775186278,Mrs,3,1,3,0,"(32.102, 48.068]",3,83.47,1,1,0,1,3
29,0,7.775,0,3,0,0,0,01/21/2014,5,Mr,24,Mr,1,-0.329440873,Mr,1,1,2,0,"(16.136, 32.102]",0,7.78,0,0,1,1,2
59,0,13.5,0,2,0,0,0,01/29/2011,4,Mr,25,Mr,1,-0.224209516,Mr,1,1,4,0,"(48.068, 64.034]",1,13.5,0,0,1,1,2
5,0,31.3875,2,3,1,4,1,02/24/2014,5,Miss,30,Miss,7,0.301947272,Miss,2,1,1,0,"(0.0902, 16.136]",3,31.39,1,0,0,1,1
24,0,10.5,0,2,0,0,0,01/05/2008,3,Mr,33,Mr,1,0.617641345,Mr,1,1,2,0,"(16.136, 32.102]",1,10.5,0,0,1,1,2
44,0,26,0,2,0,1,0,11/30/2002,4,Mr,17,Mr,2,-1.066060377,Mr,1,1,3,0,"(32.102, 48.068]",2,26,0,0,0,1,2
8,0,26.25,2,2,1,0,1,04/16/2009,4,Miss,32,Miss,3,0.512409987,Miss,2,1,1,0,"(0.0902, 16.136]",2,26.25,1,0,0,1,1
19,0,10.5,0,2,0,0,0,02/05/2014,5,Mr,31,Mr,1,0.40717863,Mr,1,1,2,0,"(16.136, 32.102]",1,10.5,0,0,1,1,2
33,0,12.275,0,2,0,0,0,12/13/2009,5,Mr,22,Mr,1,-0.539903589,Mr,1,1,3,0,"(32.102, 48.068]",1,12.28,0,0,1,1,2
29,0,10.5,0,2,0,0,0,01/17/2015,5,Mr,31,Mr,1,0.40717863,Mr,1,1,2,0,"(16.136, 32.102]",1,10.5,0,0,1,1,2
22,0,7.125,0,3,0,0,0,10/08/2013,5,Mr,29,Mr,1,0.196715914,Mr,1,1,2,0,"(16.136, 32.102]",0,7.12,0,0,1,1,2
30,1,7.225,0,3,0,0,0,11/14/2015,4,Mr,20,Mr,1,-0.750366304,Mr,1,1,2,0,"(16.136, 32.102]",0,7.22,0,0,1,2,2
44,2,90,0,1,0,2,0,07/04/2012,4,Dr,27,Officer,3,-0.013746801,Rare,5,1,3,0,"(32.102, 48.068]",3,90,0,1,0,3,4
25,0,7.775,0,3,1,0,0,10/16/2004,4,Miss,37,Miss,1,1.038566775,Miss,2,1,2,0,"(16.136, 32.102]",0,7.78,1,0,1,1,1
24,0,14.5,2,2,1,0,1,03/13/2007,4,Mrs,31,Mrs,3,0.40717863,Mrs,3,1,2,0,"(16.136, 32.102]",2,14.5,1,0,0,1,3
37,0,52.5542,1,1,0,1,1,11/17/2014,5,Mr,29,Mr,3,0.196715914,Mr,1,1,3,0,"(32.102, 48.068]",3,52.55,0,1,0,1,2
54,0,26,0,2,0,1,0,02/19/2005,1,Rev,29,Officer,2,0.196715914,Rare,5,1,4,0,"(48.068, 64.034]",2,26,0,0,0,1,4
29,0,10.4625,1,3,1,1,0,02/20/2015,5,Mrs,42,Mrs,3,1.564723563,Mrs,3,1,2,0,"(16.136, 32.102]",1,10.46,1,1,0,1,3
62,0,26.55,0,1,0,0,0,08/04/2003,5,Mr,25,Mr,1,-0.224209516,Mr,1,1,4,0,"(48.068, 64.034]",2,26.55,0,1,1,1,2
30,0,16.1,0,3,0,1,0,12/21/2013,5,Mr,24,Mr,2,-0.329440873,Mr,1,1,2,0,"(16.136, 32.102]",2,16.1,0,0,0,1,2
41,0,20.2125,2,3,1,0,0,10/22/2003,4,Mrs,40,Mrs,3,1.354260848,Mrs,3,1,3,0,"(32.102, 48.068]",2,20.21,1,0,0,1,3
29,1,15.2458,2,3,1,0,1,08/12/2011,4,Mrs,39,Mrs,3,1.24902949,Mrs,3,1,2,0,"(16.136, 32.102]",2,15.25,1,0,0,2,3
30,0,86.5,0,1,1,0,1,04/05/2012,3,Miss,20,Miss,1,-0.750366304,Miss,2,1,2,0,"(16.136, 32.102]",3,86.5,1,1,1,1,1
35,1,512.3292,0,1,1,0,1,02/19/2012,2,Miss,16,Miss,1,-1.171291734,Miss,2,1,3,0,"(32.102, 48.068]",3,512.33,1,0,1,2,1
50,0,26,1,2,1,0,1,06/30/2009,5,Mrs,27,Mrs,2,-0.013746801,Mrs,3,1,4,0,"(48.068, 64.034]",2,26,1,0,0,1,3
3,0,31.3875,2,3,0,4,1,10/06/2011,4,Master,33,Master,7,0.617641345,Master,4,0,1,0,"(0.0902, 16.136]",3,31.39,0,0,0,1,0
52,0,79.65,1,1,0,1,0,05/06/2007,2,Mr,17,Mr,3,-1.066060377,Mr,1,1,4,0,"(48.068, 64.034]",3,79.65,0,1,0,1,2
40,0,0,0,1,0,0,0,09/05/2008,3,Mr,21,Mr,1,-0.645134946,Mr,1,1,3,0,"(32.102, 48.068]",0,0,0,1,1,1,2
36,0,10.5,0,2,0,0,0,07/24/2003,3,Mr,17,Mr,1,-1.066060377,Mr,1,1,3,0,"(32.102, 48.068]",1,10.5,0,0,1,1,2
16,0,39.6875,1,3,0,4,0,08/27/2007,4,Mr,25,Mr,6,-0.224209516,Mr,1,1,2,0,"(0.0902, 16.136]",3,39.69,0,0,0,1,2
25,0,7.775,0,3,0,1,1,04/23/2014,3,Mr,24,Mr,2,-0.329440873,Mr,1,1,2,0,"(16.136, 32.102]",0,7.78,0,0,0,1,2
58,0,153.4625,1,1,1,0,1,09/08/2015,1,Mrs,45,Mrs,2,1.880417636,Mrs,3,1,4,0,"(48.068, 64.034]",3,153.46,1,1,0,1,3
35,0,135.6333,0,1,1,0,1,05/27/2015,4,Miss,22,Miss,1,-0.539903589,Miss,2,1,3,0,"(32.102, 48.068]",3,135.63,1,1,1,1,1
25,0,0,0,3,0,0,1,09/28/2015,4,Mr,28,Mr,1,0.091484557,Mr,1,1,2,0,"(16.136, 32.102]",0,0,0,0,1,1,2
41,0,19.5,1,2,1,0,1,07/09/2001,1,Mrs,41,Mrs,2,1.459492206,Mrs,3,1,3,0,"(32.102, 48.068]",2,19.5,1,0,0,1,3
37,1,29.7,1,1,0,0,0,01/16/2010,2,Mr,21,Mr,2,-0.645134946,Mr,1,1,3,0,"(32.102, 48.068]",2,29.7,0,1,0,2,2
63,0,77.9583,0,1,1,1,1,05/06/2003,5,Miss,33,Miss,2,0.617641345,Miss,2,1,4,0,"(48.068, 64.034]",3,77.96,1,1,0,1,1
45,0,7.75,0,3,1,0,0,04/28/2011,2,Miss,33,Miss,1,0.617641345,Miss,2,1,3,0,"(32.102, 48.068]",0,7.75,1,0,1,1,1
7,2,29.125,1,3,0,4,0,05/29/2012,4,Master,18,Master,6,-0.960829019,Master,4,0,1,0,"(0.0902, 16.136]",2,29.12,0,0,0,3,0
35,0,20.25,1,3,1,1,1,02/13/2008,4,Mrs,32,Mrs,3,0.512409987,Mrs,3,1,3,0,"(32.102, 48.068]",2,20.25,1,0,0,1,3
65,2,7.75,0,3,0,0,0,01/07/2005,1,Mr,16,Mr,1,-1.171291734,Mr,1,1,5,0,"(64.034, 80.0]",0,7.75,0,0,1,3,2
28,0,7.8542,0,3,0,0,0,09/21/2014,3,Mr,32,Mr,1,0.512409987,Mr,1,1,2,0,"(16.136, 32.102]",0,7.85,0,0,1,1,2
16,0,9.5,0,3,0,0,0,03/08/2006,5,Mr,25,Mr,1,-0.224209516,Mr,1,1,2,0,"(0.0902, 16.136]",1,9.5,0,0,1,1,2
19,0,8.05,0,3,0,0,1,07/12/2007,3,Mr,26,Mr,1,-0.118978158,Mr,1,1,2,0,"(16.136, 32.102]",1,8.05,0,0,1,1,2
33,1,8.6625,0,3,0,0,0,10/02/2006,4,Mr,19,Mr,1,-0.855597661,Mr,1,1,3,0,"(32.102, 48.068]",1,8.66,0,0,1,2,2
30,0,9.5,0,3,0,0,1,12/19/2006,3,Mr,23,Mr,1,-0.434672231,Mr,1,1,2,0,"(16.136, 32.102]",1,9.5,0,0,1,1,2
22,0,7.8958,0,3,0,0,0,06/30/2014,3,Mr,20,Mr,1,-0.750366304,Mr,1,1,2,0,"(16.136, 32.102]",0,7.9,0,0,1,1,2
42,0,13,0,2,0,0,1,04/02/2002,4,Mr,20,Mr,1,-0.750366304,Mr,1,1,3,0,"(32.102, 48.068]",1,13,0,0,1,1,2
22,2,7.75,0,3,1,0,1,09/07/2004,3,Miss,20,Miss,1,-0.750366304,Miss,2,1,2,0,"(16.136, 32.102]",0,7.75,1,0,1,3,1
26,0,78.85,0,1,1,0,1,02/08/2014,2,Miss,28,Miss,1,0.091484557,Miss,2,1,2,0,"(16.136, 32.102]",3,78.85,1,0,1,1,1
19,1,91.0792,0,1,1,1,1,05/21/2004,4,Mrs,39,Mrs,2,1.24902949,Mrs,3,1,2,0,"(16.136, 32.102]",3,91.08,1,1,0,2,3
36,1,12.875,0,2,0,0,0,09/17/2012,3,Mr,22,Mr,1,-0.539903589,Mr,1,1,3,0,"(32.102, 48.068]",1,12.88,0,1,1,2,2
24,0,8.85,0,3,1,0,0,04/12/2004,2,Miss,19,Miss,1,-0.855597661,Miss,2,1,2,0,"(16.136, 32.102]",1,8.85,1,0,1,1,1
24,0,7.8958,0,3,0,0,0,03/01/2008,3,Mr,16,Mr,1,-1.171291734,Mr,1,1,2,0,"(16.136, 32.102]",0,7.9,0,0,1,1,2
23.5,1,7.2292,0,3,0,0,0,12/01/2010,3,Mr,18,Mr,1,-0.960829019,Mr,1,1,2,0,"(16.136, 32.102]",0,7.23,0,0,1,2,2
2,0,151.55,2,1,1,1,0,01/11/2002,2,Miss,28,Miss,4,0.091484557,Miss,2,1,1,0,"(0.0902, 16.136]",3,151.55,1,1,0,1,1
50,1,247.5208,1,1,1,0,1,06/28/2014,4,Mrs,47,Mrs,2,2.090880351,Mrs,3,1,4,0,"(48.068, 64.034]",3,247.52,1,1,0,2,3
19,0,0,0,3,0,0,0,05/02/2011,2,Mr,31,Mr,1,0.40717863,Mr,1,1,2,0,"(16.136, 32.102]",0,0,0,0,1,1,2
0.92,0,151.55,2,1,0,1,1,06/18/2003,2,Master,30,Master,4,0.301947272,Master,4,0,1,0,"(0.0902, 16.136]",3,151.55,0,1,0,1,0
17,1,108.9,0,1,1,1,1,03/03/2012,1,Mrs,82,Mrs,2,5.773977867,Mrs,3,1,2,0,"(16.136, 32.102]",3,108.9,1,1,0,2,3
30,1,24,0,2,0,1,0,11/21/2004,3,Mr,19,Mr,2,-0.855597661,Mr,1,1,2,0,"(16.136, 32.102]",2,24,0,0,0,2,2
30,1,56.9292,0,1,1,0,1,05/08/2010,4,Miss,30,Miss,1,0.301947272,Miss,2,1,2,0,"(16.136, 32.102]",3,56.93,1,1,1,2,1
24,1,83.1583,0,1,1,0,1,10/06/2010,3,Miss,30,Miss,1,0.301947272,Miss,2,1,2,0,"(16.136, 32.102]",3,83.16,1,1,1,2,1
18,1,262.375,2,1,1,2,1,08/26/2014,2,Miss,26,Miss,5,-0.118978158,Miss,2,1,2,0,"(16.136, 32.102]",3,262.38,1,1,0,2,1
26,0,26,1,2,1,1,0,08/25/2013,5,Mrs,37,Mrs,3,1.038566775,Mrs,3,1,2,0,"(16.136, 32.102]",2,26,1,0,0,1,3
28,0,7.8958,0,3,0,0,0,11/14/2011,5,Mr,22,Mr,1,-0.539903589,Mr,1,1,2,0,"(16.136, 32.102]",0,7.9,0,0,1,1,2
43,0,26.25,1,2,0,1,0,01/21/2014,1,Mr,18,Mr,3,-0.960829019,Mr,1,1,3,0,"(32.102, 48.068]",2,26.25,0,0,0,1,2
26,0,7.8542,0,3,1,0,1,08/01/2001,3,Miss,31,Miss,1,0.40717863,Miss,2,1,2,0,"(16.136, 32.102]",0,7.85,1,0,1,1,1
24,0,26,0,2,1,1,1,05/24/2007,5,Mrs,35,Mrs,2,0.82810406,Mrs,3,1,2,0,"(16.136, 32.102]",2,26,1,0,0,1,3
54,0,14,0,2,0,0,0,06/02/2002,3,Dr,20,Officer,1,-0.750366304,Rare,5,1,4,0,"(48.068, 64.034]",1,14,0,0,1,1,4
31,0,164.8667,2,1,1,0,1,07/08/2002,2,Miss,24,Miss,3,-0.329440873,Miss,2,1,2,0,"(16.136, 32.102]",3,164.87,1,1,0,1,1
40,1,134.5,1,1,1,1,1,03/20/2009,3,Mrs,56,Mrs,3,3.037962569,Mrs,3,1,3,0,"(32.102, 48.068]",3,134.5,1,1,0,2,3
22,0,7.25,0,3,0,0,0,12/14/2010,3,Mr,18,Mr,1,-0.960829019,Mr,1,1,2,0,"(16.136, 32.102]",0,7.25,0,0,1,1,2
27,0,7.8958,0,3,0,0,0,01/26/2006,4,Mr,16,Mr,1,-1.171291734,Mr,1,1,2,0,"(16.136, 32.102]",0,7.9,0,0,1,1,2
30,2,12.35,0,2,1,0,1,01/12/2007,3,Miss,25,Miss,1,-0.224209516,Miss,2,1,2,0,"(16.136, 32.102]",1,12.35,1,0,1,3,1
22,0,29,1,2,1,1,1,04/24/2003,3,Mrs,51,Mrs,3,2.511805781,Mrs,3,1,2,0,"(16.136, 32.102]",2,29,1,0,0,1,3
36,1,135.6333,0,1,1,0,1,02/18/2003,1,Miss,24,Miss,1,-0.329440873,Miss,2,1,3,0,"(32.102, 48.068]",3,135.63,1,1,1,2,1
61,0,6.2375,0,3,0,0,0,10/22/2002,5,Mr,25,Mr,1,-0.224209516,Mr,1,1,4,0,"(48.068, 64.034]",0,6.24,0,0,1,1,2
36,0,13,0,2,1,0,1,05/02/2009,4,Mrs,23,Mrs,1,-0.434672231,Mrs,3,1,3,0,"(32.102, 48.068]",1,13,1,1,1,1,3
31,0,20.525,1,3,1,1,1,05/02/2006,4,Mrs,46,Mrs,3,1.985648993,Mrs,3,1,2,0,"(16.136, 32.102]",2,20.52,1,0,0,1,3
16,1,57.9792,1,1,1,0,1,01/06/2005,1,Miss,28,Miss,2,0.091484557,Miss,2,1,2,0,"(0.0902, 16.136]",3,57.98,1,1,0,2,1
45.5,0,28.5,0,1,0,0,0,04/14/2007,2,Mr,19,Mr,1,-0.855597661,Mr,1,1,3,0,"(32.102, 48.068]",2,28.5,0,1,1,1,2
38,0,153.4625,1,1,0,0,0,09/19/2008,3,Mr,25,Mr,2,-0.224209516,Mr,1,1,3,0,"(32.102, 48.068]",3,153.46,0,1,0,1,2
16,0,18,0,3,0,2,0,05/10/2008,5,Mr,31,Mr,3,0.40717863,Mr,1,1,2,0,"(0.0902, 16.136]",2,18,0,0,0,1,2
29,0,66.6,0,1,0,1,0,04/26/2010,4,Mr,25,Mr,2,-0.224209516,Mr,1,1,2,0,"(16.136, 32.102]",3,66.6,0,1,0,1,2
41,1,134.5,0,1,1,0,1,07/12/2008,1,Miss,31,Miss,1,0.40717863,Miss,2,1,3,0,"(32.102, 48.068]",3,134.5,1,1,1,2,1
45,0,8.05,0,3,0,0,1,02/23/2003,3,Mr,21,Mr,1,-0.645134946,Mr,1,1,3,0,"(32.102, 48.068]",1,8.05,0,0,1,1,2
45,0,35.5,0,1,0,0,0,06/03/2007,4,Mr,28,Mr,1,0.091484557,Mr,1,1,3,0,"(32.102, 48.068]",3,35.5,0,1,1,1,2
2,0,26,1,2,0,1,1,08/30/2015,4,Master,30,Master,3,0.301947272,Master,4,0,1,0,"(0.0902, 16.136]",2,26,0,1,0,1,0
24,0,263,2,1,1,3,1,11/11/2010,2,Miss,30,Miss,6,0.301947272,Miss,2,1,2,0,"(16.136, 32.102]",3,263,1,1,0,1,1
28,0,13,0,2,0,0,0,07/14/2010,3,Mr,26,Mr,1,-0.118978158,Mr,1,1,2,0,"(16.136, 32.102]",1,13,0,0,1,1,2
25,0,13,0,2,0,0,0,11/05/2002,4,Mr,42,Mr,1,1.564723563,Mr,1,1,2,0,"(16.136, 32.102]",1,13,0,0,1,1,2
36,0,13,0,2,0,0,0,05/07/2009,2,Mr,23,Mr,1,-0.434672231,Mr,1,1,3,0,"(32.102, 48.068]",1,13,0,0,1,1,2
24,0,13,0,2,1,0,1,07/31/2002,1,Miss,29,Miss,1,0.196715914,Miss,2,1,2,0,"(16.136, 32.102]",1,13,1,1,1,1,1
40,0,13,0,2,1,0,1,01/25/2009,3,Miss,25,Miss,1,-0.224209516,Miss,2,1,3,0,"(32.102, 48.068]",1,13,1,0,1,1,1
3,0,15.9,1,3,0,1,1,12/29/2005,1,Master,38,Master,3,1.143798133,Master,4,0,1,0,"(0.0902, 16.136]",2,15.9,0,0,0,1,0
42,0,8.6625,0,3,0,0,0,08/30/2002,3,Mr,16,Mr,1,-1.171291734,Mr,1,1,3,0,"(32.102, 48.068]",1,8.66,0,0,1,1,2
23,0,9.225,0,3,0,0,0,06/18/2008,3,Mr,22,Mr,1,-0.539903589,Mr,1,1,2,0,"(16.136, 32.102]",1,9.22,0,0,1,1,2
15,1,7.2292,1,3,0,1,0,03/20/2009,3,Mr,18,Mr,3,-0.960829019,Mr,1,1,1,0,"(0.0902, 16.136]",0,7.23,0,0,0,2,2
25,0,17.8,0,3,0,1,0,08/03/2005,4,Mr,25,Mr,2,-0.224209516,Mr,1,1,2,0,"(16.136, 32.102]",2,17.8,0,0,0,1,2
28,0,9.5,0,3,0,0,0,12/18/2004,1,Mr,27,Mr,1,-0.013746801,Mr,1,1,2,0,"(16.136, 32.102]",1,9.5,0,0,1,1,2
22,0,55,1,1,1,0,1,11/10/2013,4,Miss,27,Miss,2,-0.013746801,Miss,2,1,2,0,"(16.136, 32.102]",3,55,1,1,0,1,1
38,0,13,0,2,1,0,0,05/21/2014,3,Miss,25,Miss,1,-0.224209516,Miss,2,1,3,0,"(32.102, 48.068]",1,13,1,0,1,1,1
40,0,27.9,4,3,0,1,0,12/17/2007,3,Mr,18,Mr,6,-0.960829019,Mr,1,1,3,0,"(32.102, 48.068]",2,27.9,0,0,0,1,2
29,1,27.7208,0,2,0,1,0,10/23/2002,2,Mr,25,Mr,2,-0.224209516,Mr,1,1,2,0,"(16.136, 32.102]",2,27.72,0,0,0,2,2
45,1,14.4542,1,3,1,0,0,03/23/2010,2,Mrs,31,Mrs,2,0.40717863,Mrs,3,1,3,0,"(32.102, 48.068]",2,14.45,1,0,0,2,3
35,0,7.05,0,3,0,0,0,05/05/2006,4,Mr,15,Mr,1,-1.276523092,Mr,1,1,3,0,"(32.102, 48.068]",0,7.05,0,0,1,1,2
30,0,7.25,0,3,0,0,0,04/24/2012,3,Mr,30,Mr,1,0.301947272,Mr,1,1,2,0,"(16.136, 32.102]",0,7.25,0,0,1,1,2
60,1,75.25,0,1,1,1,1,12/25/2009,1,Mrs,48,Mrs,2,2.196111709,Mrs,3,1,4,0,"(48.068, 64.034]",3,75.25,1,1,0,2,3
24,1,69.3,0,1,1,0,1,10/05/2013,3,Mrs,29,Mrs,1,0.196715914,Mrs,3,1,2,0,"(16.136, 32.102]",3,69.3,1,1,1,2,3
25,1,55.4417,0,1,0,1,1,05/03/2005,5,Mr,27,Mr,2,-0.013746801,Mr,1,1,2,0,"(16.136, 32.102]",3,55.44,0,1,0,2,2
18,0,6.4958,0,3,0,1,0,03/02/2014,3,Mr,25,Mr,2,-0.224209516,Mr,1,1,2,0,"(16.136, 32.102]",0,6.5,0,0,0,1,2
19,0,8.05,0,3,0,0,0,12/07/2003,2,Mr,26,Mr,1,-0.118978158,Mr,1,1,2,0,"(16.136, 32.102]",1,8.05,0,0,1,1,2
22,1,135.6333,0,1,0,0,0,10/24/2012,4,Mr,19,Mr,1,-0.855597661,Mr,1,1,2,0,"(16.136, 32.102]",3,135.63,0,0,1,2,2
3,0,21.075,1,3,1,3,0,10/02/2011,3,Miss,26,Miss,5,-0.118978158,Miss,2,1,1,0,"(0.0902, 16.136]",2,21.07,1,0,0,1,1
22,0,7.25,0,3,1,0,1,09/18/2005,2,Miss,31,Miss,1,0.40717863,Miss,2,1,2,0,"(16.136, 32.102]",0,7.25,1,0,1,1,1
27,1,211.5,2,1,0,0,0,02/04/2008,3,Mr,25,Mr,3,-0.224209516,Mr,1,1,2,0,"(16.136, 32.102]",3,211.5,0,1,0,2,2
20,1,4.0125,0,3,0,0,0,04/12/2003,4,Mr,19,Mr,1,-0.855597661,Mr,1,1,2,0,"(16.136, 32.102]",0,4.01,0,0,1,2,2
19,0,7.775,0,3,0,0,0,12/25/2003,4,Mr,27,Mr,1,-0.013746801,Mr,1,1,2,0,"(16.136, 32.102]",0,7.78,0,0,1,1,2
42,1,227.525,0,1,1,0,1,12/13/2008,2,Miss,21,Miss,1,-0.645134946,Miss,2,1,3,0,"(32.102, 48.068]",3,227.53,1,0,1,2,1
1,1,15.7417,2,3,1,0,1,04/28/2014,3,Miss,27,Miss,3,-0.013746801,Miss,2,1,1,0,"(0.0902, 16.136]",2,15.74,1,0,0,2,1
32,0,7.925,0,3,0,0,0,01/21/2009,4,Mr,18,Mr,1,-0.960829019,Mr,1,1,3,0,"(16.136, 32.102]",1,7.92,0,0,1,1,2
35,0,52,0,1,1,1,1,09/23/2011,3,Mrs,51,Mrs,2,2.511805781,Mrs,3,1,3,0,"(32.102, 48.068]",3,52,1,0,0,1,3
18,0,73.5,0,2,0,0,0,04/15/2002,1,Mr,25,Mr,1,-0.224209516,Mr,1,1,2,0,"(16.136, 32.102]",3,73.5,0,0,1,1,2
1,0,46.9,2,3,0,5,0,10/28/2002,2,Master,31,Master,8,0.40717863,Master,4,0,1,0,"(0.0902, 16.136]",3,46.9,0,0,0,1,0
36,0,13,0,2,1,0,1,08/11/2004,3,Miss,16,Miss,1,-1.171291734,Miss,2,1,3,0,"(32.102, 48.068]",1,13,1,0,1,1,1
17,1,12,0,2,1,0,1,01/16/2009,4,Miss,21,Miss,1,-0.645134946,Miss,2,1,2,0,"(16.136, 32.102]",1,12,1,0,1,2,1
36,0,120,2,1,0,1,1,12/16/2002,3,Mr,26,Mr,4,-0.118978158,Mr,1,1,3,0,"(32.102, 48.068]",3,120,0,1,0,1,2
21,0,7.7958,0,3,0,0,1,06/09/2002,4,Mr,22,Mr,1,-0.539903589,Mr,1,1,2,0,"(16.136, 32.102]",0,7.8,0,0,1,1,2
28,0,7.925,0,3,0,2,0,03/25/2015,4,Mr,28,Mr,3,0.091484557,Mr,1,1,2,0,"(16.136, 32.102]",1,7.92,0,0,0,1,2
23,1,113.275,0,1,1,1,1,12/04/2013,3,Miss,22,Miss,2,-0.539903589,Miss,2,1,2,0,"(16.136, 32.102]",3,113.28,1,1,0,2,1
24,0,16.7,2,3,1,0,1,12/11/2012,4,Mrs,51,Mrs,3,2.511805781,Mrs,3,1,2,0,"(16.136, 32.102]",2,16.7,1,1,0,1,3
22,0,7.7958,0,3,0,0,0,08/27/2014,4,Mr,19,Mr,1,-0.855597661,Mr,1,1,2,0,"(16.136, 32.102]",0,7.8,0,0,1,1,2
31,0,7.8542,0,3,1,0,0,08/08/2015,5,Miss,19,Miss,1,-0.855597661,Miss,2,1,2,0,"(16.136, 32.102]",0,7.85,1,0,1,1,1
46,0,26,0,2,0,0,0,05/30/2003,4,Mr,23,Mr,1,-0.434672231,Mr,1,1,3,0,"(32.102, 48.068]",2,26,0,0,1,1,2
23,0,10.5,0,2,0,0,0,08/08/2003,5,Dr,16,Officer,1,-1.171291734,Rare,5,1,2,0,"(16.136, 32.102]",1,10.5,0,0,1,1,4
28,0,12.65,0,2,1,0,1,10/08/2008,4,Mrs,32,Mrs,1,0.512409987,Mrs,3,1,2,0,"(16.136, 32.102]",1,12.65,1,0,1,1,3
39,0,7.925,0,3,0,0,1,01/27/2011,3,Mr,18,Mr,1,-0.960829019,Mr,1,1,3,0,"(32.102, 48.068]",1,7.92,0,0,1,1,2
26,0,8.05,0,3,0,0,0,06/28/2001,3,Mr,15,Mr,1,-1.276523092,Mr,1,1,2,0,"(16.136, 32.102]",1,8.05,0,0,1,1,2
21,0,9.825,0,3,1,1,0,07/19/2002,2,Miss,24,Miss,2,-0.329440873,Miss,2,1,2,0,"(16.136, 32.102]",1,9.82,1,0,0,1,1
28,0,15.85,0,3,0,1,0,03/15/2009,4,Mr,30,Mr,2,0.301947272,Mr,1,1,2,0,"(16.136, 32.102]",2,15.85,0,0,0,1,2
20,0,8.6625,0,3,1,0,0,09/22/2004,5,Miss,23,Miss,1,-0.434672231,Miss,2,1,2,0,"(16.136, 32.102]",1,8.66,1,0,1,1,1
34,0,21,0,2,0,1,0,01/19/2003,3,Mr,18,Mr,2,-0.960829019,Mr,1,1,3,0,"(32.102, 48.068]",2,21,0,0,0,1,2
51,0,7.75,0,3,0,0,0,02/22/2014,4,Mr,32,Mr,1,0.512409987,Mr,1,1,4,0,"(48.068, 64.034]",0,7.75,0,0,1,1,2
3,0,18.75,1,2,0,1,1,11/09/2001,4,Master,30,Master,3,0.301947272,Master,4,0,1,0,"(0.0902, 16.136]",2,18.75,0,0,0,1,0
21,0,7.775,0,3,0,0,0,07/31/2014,2,Mr,33,Mr,1,0.617641345,Mr,1,1,2,0,"(16.136, 32.102]",0,7.78,0,0,1,1,2
33,2,90,0,1,1,1,1,11/07/2010,5,Miss,22,Miss,2,-0.539903589,Miss,2,1,3,0,"(32.102, 48.068]",3,90,1,1,0,3,1
44,0,7.925,0,3,0,0,1,06/28/2012,3,Mr,25,Mr,1,-0.224209516,Mr,1,1,3,0,"(32.102, 48.068]",1,7.92,0,0,1,1,2
34,0,32.5,1,2,1,1,1,04/10/2011,3,Mrs,47,Mrs,3,2.090880351,Mrs,3,1,3,0,"(32.102, 48.068]",3,32.5,1,0,0,1,3
18,0,13,2,2,1,0,1,11/25/2005,5,Miss,29,Miss,3,0.196715914,Miss,2,1,2,0,"(16.136, 32.102]",1,13,1,0,0,1,1
30,0,13,0,2,0,0,0,12/13/2006,3,Mr,26,Mr,1,-0.118978158,Mr,1,1,2,0,"(16.136, 32.102]",1,13,0,0,1,1,2
10,0,24.15,2,3,1,0,0,09/21/2009,4,Miss,25,Miss,3,-0.224209516,Miss,2,1,1,0,"(0.0902, 16.136]",2,24.15,1,0,0,1,1
21,2,7.7333,0,3,0,0,0,10/07/2008,1,Mr,19,Mr,1,-0.855597661,Mr,1,1,2,0,"(16.136, 32.102]",0,7.73,0,0,1,3,2
29,0,7.875,0,3,0,0,0,01/27/2009,2,Mr,18,Mr,1,-0.960829019,Mr,1,1,2,0,"(16.136, 32.102]",0,7.88,0,0,1,1,2
28,0,14.4,1,3,1,1,0,05/16/2007,4,Mrs,54,Mrs,3,2.827499854,Mrs,3,1,2,0,"(16.136, 32.102]",1,14.4,1,0,0,1,3
18,0,20.2125,1,3,0,1,0,11/22/2011,4,Mr,27,Mr,3,-0.013746801,Mr,1,1,2,0,"(16.136, 32.102]",2,20.21,0,0,0,1,2
28,0,26,0,2,1,1,1,06/11/2011,5,Mrs,43,Mrs,2,1.669954921,Mrs,3,1,2,0,"(16.136, 32.102]",2,26,1,0,0,1,3
19,0,26,0,2,1,0,1,11/09/2007,4,Miss,67,Miss,1,4.195507503,Miss,2,1,2,0,"(16.136, 32.102]",2,26,1,0,1,1,1
32,0,8.05,0,3,0,0,1,07/31/2003,3,Mr,34,Mr,1,0.722872702,Mr,1,1,3,0,"(16.136, 32.102]",1,8.05,0,1,1,1,2
28,0,26.55,0,1,0,0,1,10/19/2001,4,Mr,41,Mr,1,1.459492206,Mr,1,1,2,0,"(16.136, 32.102]",2,26.55,0,1,1,1,2
42,0,26,0,2,1,1,1,08/18/2005,1,Mrs,51,Mrs,2,2.511805781,Mrs,3,1,3,0,"(32.102, 48.068]",2,26,1,0,0,1,3
17,0,7.125,0,3,0,0,0,06/15/2003,3,Mr,26,Mr,1,-0.118978158,Mr,1,1,2,0,"(16.136, 32.102]",0,7.12,0,0,1,1,2
50,0,55.9,0,1,0,1,0,04/23/2008,2,Mr,25,Mr,2,-0.224209516,Mr,1,1,4,0,"(48.068, 64.034]",3,55.9,0,1,0,1,2
14,0,120,2,1,1,1,1,05/13/2003,2,Miss,25,Miss,4,-0.224209516,Miss,2,1,1,0,"(0.0902, 16.136]",3,120,1,1,0,1,1
21,0,34.375,2,3,1,2,0,08/28/2002,4,Miss,36,Miss,5,0.933335418,Miss,2,1,2,0,"(16.136, 32.102]",3,34.38,1,0,0,1,1
24,0,18.75,3,2,1,2,1,04/19/2013,3,Mrs,37,Mrs,6,1.038566775,Mrs,3,1,2,0,"(16.136, 32.102]",2,18.75,1,0,0,1,3
64,0,263,4,1,0,1,0,11/20/2008,4,Mr,17,Mr,6,-1.066060377,Mr,1,1,5,0,"(48.068, 64.034]",3,263,0,1,0,1,2
31,0,10.5,0,2,0,0,0,07/01/2006,2,Mr,38,Mr,1,1.143798133,Mr,1,1,2,0,"(16.136, 32.102]",1,10.5,0,0,1,1,2
45,0,26.25,1,2,1,1,1,11/24/2013,3,Mrs,43,Mrs,3,1.669954921,Mrs,3,1,3,0,"(32.102, 48.068]",2,26.25,1,0,0,1,3
20,0,9.5,0,3,0,0,0,11/15/2010,2,Mr,15,Mr,1,-1.276523092,Mr,1,1,2,0,"(16.136, 32.102]",1,9.5,0,0,1,1,2
25,0,7.775,0,3,0,1,0,10/29/2001,4,Mr,25,Mr,2,-0.224209516,Mr,1,1,2,0,"(16.136, 32.102]",0,7.78,0,0,0,1,2
28,0,13,0,2,1,0,1,08/10/2006,3,Miss,25,Miss,1,-0.224209516,Miss,2,1,2,0,"(16.136, 32.102]",1,13,1,0,1,1,1
4,0,81.8583,2,1,0,0,1,04/22/2002,4,Master,25,Master,3,-0.224209516,Master,4,0,1,0,"(0.0902, 16.136]",3,81.86,0,1,0,1,0
13,0,19.5,1,2,1,0,1,12/21/2004,3,Miss,33,Miss,2,0.617641345,Miss,2,1,1,0,"(0.0902, 16.136]",2,19.5,1,0,0,1,1
34,0,26.55,0,1,0,0,1,05/29/2007,4,Mr,27,Mr,1,-0.013746801,Mr,1,1,3,0,"(32.102, 48.068]",2,26.55,0,0,1,1,2
5,1,19.2583,1,3,1,2,1,10/26/2012,1,Miss,30,Miss,4,0.301947272,Miss,2,1,1,0,"(0.0902, 16.136]",2,19.26,1,0,0,2,1
52,0,30.5,0,1,0,0,1,09/04/2011,2,Major,30,Officer,1,0.301947272,Rare,5,1,4,0,"(48.068, 64.034]",2,30.5,0,1,1,1,4
36,0,27.75,2,2,0,1,0,11/05/2006,3,Mr,21,Mr,4,-0.645134946,Mr,1,1,3,0,"(32.102, 48.068]",2,27.75,0,0,0,1,2
30,1,27.75,0,1,0,0,0,03/17/2011,5,Mr,31,Mr,1,0.40717863,Mr,1,1,2,0,"(16.136, 32.102]",2,27.75,0,1,1,2,2
49,1,89.1042,0,1,0,1,1,06/16/2010,4,Mr,24,Mr,2,-0.329440873,Mr,1,1,4,0,"(48.068, 64.034]",3,89.1,0,1,0,2,2
29,1,7.8958,0,3,0,0,1,04/23/2008,4,Mr,18,Mr,1,-0.960829019,Mr,1,1,2,0,"(16.136, 32.102]",0,7.9,0,0,1,2,2
65,0,26.55,0,1,0,0,0,01/10/2008,5,Mr,25,Mr,1,-0.224209516,Mr,1,1,5,0,"(64.034, 80.0]",2,26.55,0,1,1,1,2
50,0,10.5,0,2,1,0,1,09/21/2013,4,Miss,19,Miss,1,-0.855597661,Miss,2,1,4,0,"(48.068, 64.034]",1,10.5,1,0,1,1,1
48,0,26.55,0,1,0,0,1,08/11/2003,5,Mr,19,Mr,1,-0.855597661,Mr,1,1,4,0,"(32.102, 48.068]",2,26.55,0,1,1,1,2
34,0,8.05,0,3,0,0,0,06/03/2009,4,Mr,19,Mr,1,-0.855597661,Mr,1,1,3,0,"(32.102, 48.068]",1,8.05,0,0,1,1,2
47,0,38.5,0,1,0,0,0,07/11/2011,4,Mr,17,Mr,1,-1.066060377,Mr,1,1,3,0,"(32.102, 48.068]",3,38.5,0,1,1,1,2
48,0,13,0,2,0,0,0,01/12/2007,2,Mr,28,Mr,1,0.091484557,Mr,1,1,4,0,"(32.102, 48.068]",1,13,0,0,1,1,2
38,0,7.05,0,3,0,0,0,10/08/2007,5,Mr,31,Mr,1,0.40717863,Mr,1,1,3,0,"(32.102, 48.068]",0,7.05,0,0,1,1,2
56,0,26.55,0,1,0,0,0,07/17/2006,3,Mr,26,Mr,1,-0.118978158,Mr,1,1,4,0,"(48.068, 64.034]",2,26.55,0,0,1,1,2
0.75,1,19.2583,1,3,1,2,1,09/13/2009,4,Miss,29,Miss,4,0.196715914,Miss,2,1,1,0,"(0.0902, 16.136]",2,19.26,1,0,0,2,1
38,0,8.6625,0,3,0,0,0,06/05/2004,1,Mr,15,Mr,1,-1.276523092,Mr,1,1,3,0,"(32.102, 48.068]",1,8.66,0,0,1,1,2
33,0,27.75,2,2,1,1,1,12/07/2010,3,Mrs,39,Mrs,4,1.24902949,Mrs,3,1,3,0,"(32.102, 48.068]",2,27.75,1,0,0,1,3
23,1,13.7917,0,2,1,0,1,12/31/2009,3,Mrs,44,Mrs,1,1.775186278,Mrs,3,1,2,0,"(16.136, 32.102]",1,13.79,1,1,1,2,3
22,0,9.8375,0,3,1,0,0,07/26/2002,4,Miss,27,Miss,1,-0.013746801,Miss,2,1,2,0,"(16.136, 32.102]",1,9.84,1,0,1,1,1
34,0,21,0,2,0,1,0,01/13/2005,4,Mr,23,Mr,2,-0.434672231,Mr,1,1,3,0,"(32.102, 48.068]",2,21,0,0,0,1,2
29,0,7.0458,0,3,0,1,0,11/29/2003,3,Mr,25,Mr,2,-0.224209516,Mr,1,1,2,0,"(16.136, 32.102]",0,7.05,0,0,0,1,2
22,0,7.5208,0,3,0,0,0,10/31/2001,3,Mr,25,Mr,1,-0.224209516,Mr,1,1,2,0,"(16.136, 32.102]",0,7.52,0,0,1,1,2
2,0,12.2875,1,3,1,0,1,08/31/2004,4,Miss,24,Miss,2,-0.329440873,Miss,2,1,1,0,"(0.0902, 16.136]",1,12.29,1,0,0,1,1
9,0,46.9,2,3,0,5,0,06/29/2002,4,Master,30,Master,8,0.301947272,Master,4,0,1,0,"(0.0902, 16.136]",3,46.9,0,0,0,1,0
50,0,8.05,0,3,0,0,0,09/07/2003,4,Mr,24,Mr,1,-0.329440873,Mr,1,1,4,0,"(48.068, 64.034]",1,8.05,0,0,1,1,2
63,0,9.5875,0,3,1,0,1,05/19/2013,3,Mrs,22,Mrs,1,-0.539903589,Mrs,3,1,4,0,"(48.068, 64.034]",1,9.59,1,0,1,1,3
25,1,91.0792,0,1,0,1,1,04/01/2013,3,Mr,23,Mr,2,-0.434672231,Mr,1,1,2,0,"(16.136, 32.102]",3,91.08,0,1,0,2,2
35,0,90,0,1,1,1,1,03/14/2006,4,Mrs,47,Mrs,2,2.090880351,Mrs,3,1,3,0,"(32.102, 48.068]",3,90,1,1,0,1,3
58,1,29.7,0,1,0,0,0,03/09/2004,4,Mr,23,Mr,1,-0.434672231,Mr,1,1,4,0,"(48.068, 64.034]",2,29.7,0,1,1,2,2
30,0,8.05,0,3,0,0,0,10/23/2009,5,Mr,29,Mr,1,0.196715914,Mr,1,1,2,0,"(16.136, 32.102]",1,8.05,0,0,1,1,2
9,0,15.9,1,3,0,1,1,06/16/2011,3,Master,37,Master,3,1.038566775,Master,4,0,1,0,"(0.0902, 16.136]",2,15.9,0,0,0,1,0
21,0,7.25,0,3,0,0,0,12/02/2014,3,Mr,19,Mr,1,-0.855597661,Mr,1,1,2,0,"(16.136, 32.102]",0,7.25,0,0,1,1,2
55,0,30.5,0,1,0,0,0,04/23/2012,3,Mr,26,Mr,1,-0.118978158,Mr,1,1,4,0,"(48.068, 64.034]",2,30.5,0,1,1,1,2
71,1,49.5042,0,1,0,0,0,01/14/2015,3,Mr,23,Mr,1,-0.434672231,Mr,1,1,5,0,"(64.034, 80.0]",3,49.5,0,0,1,2,2
21,0,8.05,0,3,0,0,0,02/28/2002,3,Mr,26,Mr,1,-0.118978158,Mr,1,1,2,0,"(16.136, 32.102]",1,8.05,0,0,1,1,2
54,1,78.2667,0,1,1,1,1,04/24/2005,4,Miss,30,Miss,2,0.301947272,Miss,2,1,4,0,"(48.068, 64.034]",3,78.27,1,1,0,2,1
25,0,151.55,2,1,1,1,0,10/07/2015,5,Mrs,47,Mrs,4,2.090880351,Mrs,3,1,2,0,"(16.136, 32.102]",3,151.55,1,1,0,1,3
24,0,7.7958,0,3,0,0,0,07/01/2008,5,Mr,18,Mr,1,-0.960829019,Mr,1,1,2,0,"(16.136, 32.102]",0,7.8,0,0,1,1,2
17,0,8.6625,0,3,0,0,0,11/19/2006,4,Mr,16,Mr,1,-1.171291734,Mr,1,1,2,0,"(16.136, 32.102]",1,8.66,0,0,1,1,2
21,2,7.75,0,3,1,0,0,01/26/2006,4,Miss,19,Miss,1,-0.855597661,Miss,2,1,2,0,"(16.136, 32.102]",0,7.75,1,0,1,3,1
37,0,9.5875,0,3,1,0,0,09/16/2003,4,Miss,30,Miss,1,0.301947272,Miss,2,1,3,0,"(32.102, 48.068]",1,9.59,1,0,1,1,1
16,0,86.5,0,1,1,0,1,03/13/2013,5,Miss,21,Miss,1,-0.645134946,Miss,2,1,2,0,"(0.0902, 16.136]",3,86.5,1,1,1,1,1
18,1,108.9,0,1,0,1,0,07/22/2007,4,Mr,42,Mr,2,1.564723563,Mr,1,1,2,0,"(16.136, 32.102]",3,108.9,0,1,0,2,2
33,0,26,2,2,1,0,1,05/09/2005,5,Mrs,45,Mrs,3,1.880417636,Mrs,3,1,3,0,"(32.102, 48.068]",2,26,1,0,0,1,3
28,0,22.525,0,3,0,0,0,05/01/2015,5,Mr,24,Mr,1,-0.329440873,Mr,1,1,2,0,"(16.136, 32.102]",2,22.52,0,0,1,1,2
26,0,56.4958,0,3,0,0,1,03/09/2011,3,Mr,14,Mr,1,-1.381754449,Mr,1,1,2,0,"(16.136, 32.102]",3,56.5,0,0,1,1,2
29,2,7.75,0,3,0,0,1,11/02/2010,4,Mr,24,Mr,1,-0.329440873,Mr,1,1,2,0,"(16.136, 32.102]",0,7.75,0,0,1,3,2
36,0,26.2875,0,1,0,0,1,08/17/2013,4,Mr,25,Mr,1,-0.224209516,Mr,1,1,3,0,"(32.102, 48.068]",2,26.29,0,1,1,1,2
54,1,59.4,0,1,1,1,1,03/09/2009,3,Mrs,46,Mrs,2,1.985648993,Mrs,3,1,4,0,"(48.068, 64.034]",3,59.4,1,0,0,2,3
24,0,7.4958,0,3,0,0,0,01/13/2005,3,Mr,17,Mr,1,-1.066060377,Mr,1,1,2,0,"(16.136, 32.102]",0,7.5,0,0,1,1,2
47,0,34.0208,0,1,0,0,0,11/19/2005,3,Mr,28,Mr,1,0.091484557,Mr,1,1,3,0,"(32.102, 48.068]",3,34.02,0,1,1,1,2
34,0,10.5,0,2,1,0,1,11/21/2007,5,Mrs,28,Mrs,1,0.091484557,Mrs,3,1,3,0,"(32.102, 48.068]",1,10.5,1,1,1,1,3
36,0,26,0,2,1,1,1,02/02/2014,4,Mrs,52,Mrs,2,2.617037139,Mrs,3,1,3,0,"(32.102, 48.068]",2,26,1,0,0,1,3
32,0,7.8958,0,3,0,0,0,08/22/2003,4,Mr,19,Mr,1,-0.855597661,Mr,1,1,3,0,"(16.136, 32.102]",0,7.9,0,0,1,1,2
30,0,93.5,0,1,1,0,1,08/26/2001,4,Miss,21,Miss,1,-0.645134946,Miss,2,1,2,0,"(16.136, 32.102]",3,93.5,1,1,1,1,1
22,0,7.8958,0,3,0,0,0,01/23/2006,4,Mr,15,Mr,1,-1.276523092,Mr,1,1,2,0,"(16.136, 32.102]",0,7.9,0,0,1,1,2
44,1,57.9792,1,1,1,0,1,06/08/2007,4,Mrs,47,Mrs,2,2.090880351,Mrs,3,1,3,0,"(32.102, 48.068]",3,57.98,1,1,0,2,3
40.5,2,7.75,0,3,0,0,0,07/08/2003,5,Mr,18,Mr,1,-0.960829019,Mr,1,1,3,0,"(32.102, 48.068]",0,7.75,0,0,1,3,2
50,0,10.5,0,2,1,0,1,08/25/2006,3,Miss,20,Miss,1,-0.750366304,Miss,2,1,4,0,"(48.068, 64.034]",1,10.5,1,0,1,1,1
39,0,7.925,0,3,0,0,0,09/13/2012,5,Mr,25,Mr,1,-0.224209516,Mr,1,1,3,0,"(32.102, 48.068]",1,7.92,0,0,1,1,2
23,0,11.5,1,2,0,2,0,04/06/2015,5,Mr,27,Mr,4,-0.013746801,Mr,1,1,2,0,"(16.136, 32.102]",1,11.5,0,0,0,1,2
2,0,26,1,2,1,1,1,01/13/2003,4,Miss,24,Miss,3,-0.329440873,Miss,2,1,1,0,"(0.0902, 16.136]",2,26,1,0,0,1,1
17,1,7.2292,1,3,0,1,0,06/25/2004,5,Mr,20,Mr,3,-0.750366304,Mr,1,1,2,0,"(16.136, 32.102]",0,7.23,0,0,0,2,2
30,0,8.6625,0,3,1,0,0,04/27/2005,5,Miss,19,Miss,1,-0.855597661,Miss,2,1,2,0,"(16.136, 32.102]",1,8.66,1,0,1,1,1
7,0,26.25,2,2,1,0,1,02/16/2013,5,Miss,22,Miss,3,-0.539903589,Miss,2,1,1,0,"(0.0902, 16.136]",2,26.25,1,0,0,1,1
45,0,26.55,0,1,0,0,0,09/09/2005,5,Major,33,Officer,1,0.617641345,Rare,5,1,3,0,"(32.102, 48.068]",2,26.55,0,1,1,1,4
30,1,106.425,0,1,1,0,1,03/20/2003,5,Miss,19,Miss,1,-0.855597661,Miss,2,1,2,0,"(16.136, 32.102]",3,106.42,1,0,1,2,1
22,1,49.5,2,1,1,0,1,12/01/2007,4,Miss,34,Miss,3,0.722872702,Miss,2,1,2,0,"(16.136, 32.102]",3,49.5,1,1,0,2,1
36,0,71,2,1,1,0,1,12/07/2012,5,Miss,23,Miss,3,-0.434672231,Miss,2,1,3,0,"(32.102, 48.068]",3,71,1,1,0,1,1
9,0,31.275,2,3,1,4,0,04/23/2002,4,Miss,36,Miss,7,0.933335418,Miss,2,1,1,0,"(0.0902, 16.136]",3,31.27,1,0,0,1,1
11,0,31.275,2,3,1,4,0,07/13/2010,4,Miss,33,Miss,7,0.617641345,Miss,2,1,1,0,"(0.0902, 16.136]",3,31.27,1,0,0,1,1
32,0,26,0,2,0,1,1,06/27/2003,3,Mr,17,Mr,2,-1.066060377,Mr,1,1,3,0,"(16.136, 32.102]",2,26,0,0,0,1,2
50,1,106.425,0,1,0,1,0,11/12/2001,5,Mr,26,Mr,2,-0.118978158,Mr,1,1,4,0,"(48.068, 64.034]",3,106.42,0,1,0,2,2
64,0,26,0,1,0,0,0,06/29/2015,4,Mr,28,Mr,1,0.091484557,Mr,1,1,5,0,"(48.068, 64.034]",2,26,0,0,1,1,2
19,0,26,0,2,1,1,1,01/09/2007,5,Mrs,33,Mrs,2,0.617641345,Mrs,3,1,2,0,"(16.136, 32.102]",2,26,1,0,0,1,3
33,0,20.525,1,3,0,1,0,11/07/2013,5,Mr,25,Mr,3,-0.224209516,Mr,1,1,3,0,"(32.102, 48.068]",2,20.52,0,0,0,1,2
8,0,36.75,1,2,0,1,1,01/12/2012,4,Master,30,Master,3,0.301947272,Master,4,0,1,0,"(0.0902, 16.136]",3,36.75,0,0,0,1,0
17,1,110.8833,2,1,0,0,1,12/20/2006,5,Mr,27,Mr,3,-0.013746801,Mr,1,1,2,0,"(16.136, 32.102]",3,110.88,0,1,0,2,2
27,0,26,0,2,0,0,0,01/04/2008,4,Mr,27,Mr,1,-0.013746801,Mr,1,1,2,0,"(16.136, 32.102]",2,26,0,0,1,1,2
22,1,7.225,0,3,0,0,1,12/18/2002,3,Mr,33,Mr,1,0.617641345,Mr,1,1,2,0,"(16.136, 32.102]",0,7.22,0,0,1,2,2
22,0,7.775,0,3,1,0,1,03/05/2002,3,Miss,18,Miss,1,-0.960829019,Miss,2,1,2,0,"(16.136, 32.102]",0,7.78,1,0,1,1,1
62,0,26.55,0,1,0,0,0,12/11/2007,3,Mr,18,Mr,1,-0.960829019,Mr,1,1,4,0,"(48.068, 64.034]",2,26.55,0,0,1,1,2
48,1,39.6,0,1,1,1,1,02/26/2004,5,Lady,65,Royalty,2,3.985044788,Rare,5,1,4,0,"(32.102, 48.068]",3,39.6,1,1,0,2,4
39,0,79.65,1,1,1,1,1,09/25/2008,3,Mrs,38,Mrs,3,1.143798133,Mrs,3,1,3,0,"(32.102, 48.068]",3,79.65,1,1,0,1,3
36,0,17.4,0,3,1,1,1,11/27/2001,4,Mrs,44,Mrs,2,1.775186278,Mrs,3,1,3,0,"(32.102, 48.068]",2,17.4,1,0,0,1,3
40,0,7.8958,0,3,0,0,0,02/19/2013,4,Mr,17,Mr,1,-1.066060377,Mr,1,1,3,0,"(32.102, 48.068]",0,7.9,0,0,1,1,2
28,0,13.5,0,2,0,0,0,01/31/2007,5,Mr,26,Mr,1,-0.118978158,Mr,1,1,2,0,"(16.136, 32.102]",1,13.5,0,0,1,1,2
24,0,24.15,0,3,0,2,0,03/30/2006,3,Mr,20,Mr,3,-0.750366304,Mr,1,1,2,0,"(16.136, 32.102]",2,24.15,0,0,0,1,2
19,0,7.8958,0,3,0,0,0,11/29/2007,3,Mr,20,Mr,1,-0.750366304,Mr,1,1,2,0,"(16.136, 32.102]",0,7.9,0,0,1,1,2
29,0,21.075,4,3,1,0,0,07/18/2015,5,Mrs,43,Mrs,5,1.669954921,Mrs,3,1,2,0,"(16.136, 32.102]",2,21.07,1,0,0,1,3
32,0,7.8542,0,3,0,0,1,01/01/2012,5,Mr,17,Mr,1,-1.066060377,Mr,1,1,3,0,"(16.136, 32.102]",0,7.85,0,0,1,1,2
62,0,10.5,0,2,0,0,1,10/06/2003,5,Mr,18,Mr,1,-0.960829019,Mr,1,1,4,0,"(48.068, 64.034]",1,10.5,0,0,1,1,2
53,0,51.4792,0,1,1,2,1,03/16/2002,3,Mrs,45,Mrs,3,1.880417636,Mrs,3,1,4,0,"(48.068, 64.034]",3,51.48,1,1,0,1,3
36,0,26.3875,0,1,0,0,1,12/24/2002,3,Mr,32,Mr,1,0.512409987,Mr,1,1,3,0,"(32.102, 48.068]",2,26.39,0,1,1,1,2
16,0,8.05,0,3,0,0,0,12/17/2009,3,Mr,28,Mr,1,0.091484557,Mr,1,1,2,0,"(0.0902, 16.136]",1,8.05,0,0,1,1,2
19,0,14.5,0,3,0,0,0,10/02/2004,2,Mr,20,Mr,1,-0.750366304,Mr,1,1,2,0,"(16.136, 32.102]",2,14.5,0,0,1,1,2
34,0,13,0,2,1,0,1,12/13/2007,5,Miss,20,Miss,1,-0.750366304,Miss,2,1,3,0,"(32.102, 48.068]",1,13,1,0,1,1,1
39,0,55.9,0,1,1,1,1,04/20/2002,4,Mrs,41,Mrs,2,1.459492206,Mrs,3,1,3,0,"(32.102, 48.068]",3,55.9,1,1,0,1,3
32,0,7.925,0,3,0,0,1,11/09/2005,4,Mr,19,Mr,1,-0.855597661,Mr,1,1,3,0,"(16.136, 32.102]",1,7.92,0,0,1,1,2
25,0,30,1,2,1,1,1,03/30/2004,4,Miss,27,Miss,3,-0.013746801,Miss,2,1,2,0,"(16.136, 32.102]",2,30,1,0,0,1,1
39,1,110.8833,1,1,1,1,1,08/20/2012,4,Mrs,52,Mrs,3,2.617037139,Mrs,3,1,3,0,"(32.102, 48.068]",3,110.88,1,1,0,2,3
54,0,26,0,2,0,0,0,03/21/2008,3,Mr,26,Mr,1,-0.118978158,Mr,1,1,4,0,"(48.068, 64.034]",2,26,0,0,1,1,2
36,1,40.125,0,1,0,0,0,07/15/2014,3,Mr,19,Mr,1,-0.855597661,Mr,1,1,3,0,"(32.102, 48.068]",3,40.12,0,1,1,2,2
18,0,79.65,2,1,1,0,1,05/22/2010,5,Miss,19,Miss,3,-0.855597661,Miss,2,1,2,0,"(16.136, 32.102]",3,79.65,1,1,0,1,1
47,0,15,0,2,0,0,0,01/11/2010,3,Mr,23,Mr,1,-0.434672231,Mr,1,1,3,0,"(32.102, 48.068]",2,15,0,0,1,1,2
60,1,79.2,1,1,0,1,1,07/26/2009,5,Mr,32,Mr,3,0.512409987,Mr,1,1,4,0,"(48.068, 64.034]",3,79.2,0,1,0,2,2
22,0,8.05,0,3,0,0,0,02/27/2003,3,Mr,21,Mr,1,-0.645134946,Mr,1,1,2,0,"(16.136, 32.102]",1,8.05,0,0,1,1,2
35,0,7.125,0,3,0,0,0,09/21/2007,3,Mr,20,Mr,1,-0.750366304,Mr,1,1,3,0,"(32.102, 48.068]",0,7.12,0,0,1,1,2
52,1,78.2667,0,1,1,1,1,11/15/2008,5,Mrs,47,Mrs,2,2.090880351,Mrs,3,1,4,0,"(48.068, 64.034]",3,78.27,1,1,0,2,3
47,0,7.25,0,3,0,0,0,05/20/2014,5,Mr,26,Mr,1,-0.118978158,Mr,1,1,3,0,"(32.102, 48.068]",0,7.25,0,0,1,1,2
37,0,26,0,2,0,1,0,01/14/2007,2,Mr,23,Mr,2,-0.434672231,Mr,1,1,3,0,"(32.102, 48.068]",2,26,0,0,0,1,2
36,0,24.15,1,3,0,1,0,01/05/2003,4,Mr,27,Mr,3,-0.013746801,Mr,1,1,3,0,"(32.102, 48.068]",2,24.15,0,0,0,1,2
49,0,0,0,3,0,0,0,01/15/2007,5,Mr,19,Mr,1,-0.855597661,Mr,1,1,4,0,"(48.068, 64.034]",0,0,0,0,1,1,2
49,1,56.9292,0,1,0,1,1,04/08/2007,4,Sir,44,Royalty,2,1.775186278,Rare,5,1,4,0,"(48.068, 64.034]",3,56.93,0,1,0,2,4
24,0,27,1,2,1,2,1,08/19/2012,4,Mrs,51,Mrs,4,2.511805781,Mrs,3,1,2,0,"(16.136, 32.102]",2,27,1,0,0,1,3
44,0,8.05,0,3,0,0,0,12/14/2013,5,Mr,25,Mr,1,-0.224209516,Mr,1,1,3,0,"(32.102, 48.068]",1,8.05,0,0,1,1,2
35,1,26.55,0,1,0,0,1,12/20/2012,5,Mr,31,Mr,1,0.40717863,Mr,1,1,3,0,"(32.102, 48.068]",2,26.55,0,0,1,2,2
36,0,15.55,0,3,0,1,0,10/05/2014,3,Mr,29,Mr,2,0.196715914,Mr,1,1,3,0,"(32.102, 48.068]",2,15.55,0,0,0,1,2
30,0,7.8958,0,3,0,0,0,12/30/2007,4,Mr,17,Mr,1,-1.066060377,Mr,1,1,2,0,"(16.136, 32.102]",0,7.9,0,0,1,1,2
27,0,30.5,0,1,0,0,1,02/26/2012,3,Mr,27,Mr,1,-0.013746801,Mr,1,1,2,0,"(16.136, 32.102]",2,30.5,0,0,1,1,2
22,1,41.5792,2,2,1,1,1,08/25/2001,4,Mrs,53,Mrs,4,2.722268497,Mrs,3,1,2,0,"(16.136, 32.102]",3,41.58,1,0,0,2,3
40,0,153.4625,0,1,1,0,1,07/06/2004,5,Miss,25,Miss,1,-0.224209516,Miss,2,1,3,0,"(32.102, 48.068]",3,153.46,1,1,1,1,1
39,0,31.275,5,3,1,1,0,12/13/2009,5,Mrs,57,Mrs,7,3.143193927,Mrs,3,1,3,0,"(32.102, 48.068]",3,31.27,1,0,0,1,3
35,0,8.05,0,3,0,0,0,04/29/2010,5,Mr,31,Mr,1,0.40717863,Mr,1,1,3,0,"(32.102, 48.068]",1,8.05,0,0,1,1,2
24,0,65,2,2,1,1,1,09/26/2014,4,Miss,19,Miss,4,-0.855597661,Miss,2,1,2,0,"(16.136, 32.102]",3,65,1,0,0,1,1
34,0,14.4,1,3,0,1,0,01/26/2002,3,Mr,25,Mr,3,-0.224209516,Mr,1,1,3,0,"(32.102, 48.068]",1,14.4,0,0,0,1,2
26,0,16.1,0,3,1,1,0,06/15/2003,3,Mrs,47,Mrs,2,2.090880351,Mrs,3,1,2,0,"(16.136, 32.102]",2,16.1,1,0,0,1,3
4,0,39,1,2,1,2,1,12/12/2012,3,Miss,27,Miss,4,-0.013746801,Miss,2,1,1,0,"(0.0902, 16.136]",3,39,1,1,0,1,1
26,0,10.5,0,2,0,0,0,01/24/2013,5,Mr,19,Mr,1,-0.855597661,Mr,1,1,2,0,"(16.136, 32.102]",1,10.5,0,0,1,1,2
27,1,14.4542,0,3,0,1,0,02/18/2003,5,Mr,19,Mr,2,-0.855597661,Mr,1,1,2,0,"(16.136, 32.102]",2,14.45,0,0,0,2,2
42,0,52.5542,0,1,0,1,1,06/09/2015,3,Mr,28,Mr,2,0.091484557,Mr,1,1,3,0,"(32.102, 48.068]",3,52.55,0,1,0,1,2
20,1,15.7417,1,3,0,1,1,08/04/2006,3,Mr,16,Mr,3,-1.171291734,Mr,1,1,2,0,"(16.136, 32.102]",2,15.74,0,0,0,2,2
21,0,7.8542,0,3,0,0,0,11/20/2009,2,Mr,27,Mr,1,-0.013746801,Mr,1,1,2,0,"(16.136, 32.102]",0,7.85,0,0,1,1,2
21,0,16.1,0,3,0,0,0,10/26/2005,4,Mr,27,Mr,1,-0.013746801,Mr,1,1,2,0,"(16.136, 32.102]",2,16.1,0,0,1,1,2
61,0,32.3208,0,1,0,0,0,08/11/2014,4,Mr,21,Mr,1,-0.645134946,Mr,1,1,4,0,"(48.068, 64.034]",3,32.32,0,1,1,1,2
57,2,12.35,0,2,0,0,0,01/19/2006,4,Rev,30,Officer,1,0.301947272,Rare,5,1,4,0,"(48.068, 64.034]",1,12.35,0,0,1,3,4
21,0,77.9583,0,1,1,0,1,03/28/2013,4,Miss,29,Miss,1,0.196715914,Miss,2,1,2,0,"(16.136, 32.102]",3,77.96,1,1,1,1,1
26,0,7.8958,0,3,0,0,0,06/17/2010,2,Mr,25,Mr,1,-0.224209516,Mr,1,1,2,0,"(16.136, 32.102]",0,7.9,0,0,1,1,2
80,0,30,0,1,0,0,1,12/11/2009,4,Mr,36,Mr,1,0.933335418,Mr,1,1,5,0,"(64.034, 80.0]",2,30,0,1,1,1,2
51,0,7.0542,0,3,0,0,0,11/24/2011,4,Mr,27,Mr,1,-0.013746801,Mr,1,1,4,0,"(48.068, 64.034]",0,7.05,0,0,1,1,2
32,1,30.5,0,1,0,0,1,09/04/2003,5,Dr,25,Officer,1,-0.224209516,Rare,5,1,3,0,"(16.136, 32.102]",2,30.5,0,1,1,2,4
9,0,27.9,2,3,1,3,0,10/27/2008,4,Miss,18,Miss,6,-0.960829019,Miss,2,1,1,0,"(0.0902, 16.136]",2,27.9,1,0,0,1,1
28,0,13,0,2,1,0,1,05/06/2003,5,Miss,17,Miss,1,-1.066060377,Miss,2,1,2,0,"(16.136, 32.102]",1,13,1,0,1,1,1
32,0,7.925,0,3,0,0,0,12/19/2002,3,Mr,26,Mr,1,-0.118978158,Mr,1,1,3,0,"(16.136, 32.102]",1,7.92,0,0,1,1,2
31,0,26.25,1,2,0,1,0,02/21/2003,3,Mr,19,Mr,3,-0.855597661,Mr,1,1,2,0,"(16.136, 32.102]",2,26.25,0,0,0,1,2
41,0,39.6875,5,3,1,0,0,09/11/2005,5,Mrs,38,Mrs,6,1.143798133,Mrs,3,1,3,0,"(32.102, 48.068]",3,39.69,1,0,0,1,3
20,0,7.8542,0,3,0,0,0,08/03/2011,5,Mr,22,Mr,1,-0.539903589,Mr,1,1,2,0,"(16.136, 32.102]",0,7.85,0,0,1,1,2
24,1,69.3,0,1,1,0,1,01/09/2008,5,Miss,20,Miss,1,-0.750366304,Miss,2,1,2,0,"(16.136, 32.102]",3,69.3,1,1,1,2,1
2,0,27.9,2,3,1,3,0,02/04/2014,3,Miss,29,Miss,6,0.196715914,Miss,2,1,1,0,"(0.0902, 16.136]",2,27.9,1,0,0,1,1
0.75,1,19.2583,1,3,1,2,1,08/23/2009,4,Miss,22,Miss,4,-0.539903589,Miss,2,1,1,0,"(0.0902, 16.136]",2,19.26,1,0,0,2,1
48,1,76.7292,0,1,0,1,1,01/06/2014,5,Mr,25,Mr,2,-0.224209516,Mr,1,1,4,0,"(32.102, 48.068]",3,76.73,0,1,0,2,2
19,0,7.8958,0,3,0,0,0,06/17/2003,5,Mr,17,Mr,1,-1.066060377,Mr,1,1,2,0,"(16.136, 32.102]",0,7.9,0,0,1,1,2
56,1,35.5,0,1,0,0,1,12/14/2011,4,Col,35,Officer,1,0.82810406,Rare,5,1,4,0,"(48.068, 64.034]",3,35.5,0,1,1,2,4
23,0,7.55,0,3,1,0,1,05/27/2015,4,Miss,31,Miss,1,0.40717863,Miss,2,1,2,0,"(16.136, 32.102]",0,7.55,1,0,1,1,1
18,0,23,1,2,1,0,1,05/09/2006,4,Miss,19,Miss,2,-0.855597661,Miss,2,1,2,0,"(16.136, 32.102]",2,23,1,0,0,1,1
21,0,8.4333,0,3,0,0,0,12/02/2015,5,Mr,30,Mr,1,0.301947272,Mr,1,1,2,0,"(16.136, 32.102]",1,8.43,0,0,1,1,2
18,2,6.75,0,3,1,0,0,06/04/2013,4,Miss,28,Miss,1,0.091484557,Miss,2,1,2,0,"(16.136, 32.102]",0,6.75,1,0,1,3,1
24,0,73.5,0,2,0,2,0,07/31/2005,4,Mr,25,Mr,3,-0.224209516,Mr,1,1,2,0,"(16.136, 32.102]",3,73.5,0,0,0,1,2
32,2,15.5,1,3,1,1,0,11/26/2003,4,Mrs,29,Mrs,3,0.196715914,Mrs,3,1,3,0,"(16.136, 32.102]",2,15.5,1,0,0,3,3
23,0,13,0,2,0,0,0,10/03/2011,3,Mr,28,Mr,1,0.091484557,Mr,1,1,2,0,"(16.136, 32.102]",1,13,0,0,1,1,2
58,1,113.275,2,1,0,0,0,01/19/2014,2,Mr,26,Mr,3,-0.118978158,Mr,1,1,4,0,"(48.068, 64.034]",3,113.28,0,1,0,2,2
50,0,133.65,0,1,0,2,1,09/18/2014,5,Dr,29,Officer,3,0.196715914,Rare,5,1,4,0,"(48.068, 64.034]",3,133.65,0,0,0,1,4
40,1,7.225,0,3,0,0,0,07/11/2012,4,Mr,17,Mr,1,-1.066060377,Mr,1,1,3,0,"(32.102, 48.068]",0,7.22,0,0,1,2,2
47,0,25.5875,0,1,0,0,0,10/03/2001,4,Mr,26,Mr,1,-0.118978158,Mr,1,1,3,0,"(32.102, 48.068]",2,25.59,0,1,1,1,2
36,0,7.4958,0,3,0,0,0,11/05/2003,3,Mr,16,Mr,1,-1.171291734,Mr,1,1,3,0,"(32.102, 48.068]",0,7.5,0,0,1,1,2
20,0,7.925,0,3,0,1,1,05/25/2005,3,Mr,27,Mr,2,-0.013746801,Mr,1,1,2,0,"(16.136, 32.102]",1,7.92,0,0,0,1,2
32,0,73.5,0,2,0,2,0,05/25/2013,4,Mr,18,Mr,3,-0.960829019,Mr,1,1,3,0,"(16.136, 32.102]",3,73.5,0,0,0,1,2
25,0,13,0,2,0,0,0,02/25/2012,3,Mr,27,Mr,1,-0.013746801,Mr,1,1,2,0,"(16.136, 32.102]",1,13,0,0,1,1,2
43,0,8.05,0,3,0,0,0,08/12/2002,4,Mr,15,Mr,1,-1.276523092,Mr,1,1,3,0,"(32.102, 48.068]",1,8.05,0,0,1,1,2
40,0,39,1,2,1,1,1,11/09/2001,4,Mrs,61,Mrs,3,3.564119357,Mrs,3,1,3,0,"(32.102, 48.068]",3,39,1,0,0,1,3
31,0,52,0,1,0,1,0,10/15/2013,5,Mr,22,Mr,2,-0.539903589,Mr,1,1,2,0,"(16.136, 32.102]",3,52,0,1,0,1,2
70,0,10.5,0,2,0,0,0,02/14/2011,4,Mr,27,Mr,1,-0.013746801,Mr,1,1,5,0,"(64.034, 80.0]",1,10.5,0,0,1,1,2
31,0,13,0,2,0,0,1,05/04/2011,3,Mr,21,Mr,1,-0.645134946,Mr,1,1,2,0,"(16.136, 32.102]",1,13,0,0,1,1,2
18,0,7.775,0,3,0,0,0,05/14/2012,2,Mr,30,Mr,1,0.301947272,Mr,1,1,2,0,"(16.136, 32.102]",0,7.78,0,0,1,1,2
24.5,0,8.05,0,3,0,0,0,06/17/2014,4,Mr,29,Mr,1,0.196715914,Mr,1,1,2,0,"(16.136, 32.102]",1,8.05,0,0,1,1,2
18,0,9.8417,0,3,1,0,1,06/27/2010,5,Miss,23,Miss,1,-0.434672231,Miss,2,1,2,0,"(16.136, 32.102]",1,9.84,1,0,1,1,1
43,0,46.9,6,3,1,1,0,05/05/2014,3,Mrs,39,Mrs,8,1.24902949,Mrs,3,1,3,0,"(32.102, 48.068]",3,46.9,1,0,0,1,3
36,1,512.3292,1,1,0,0,1,07/29/2003,4,Mr,34,Mr,2,0.722872702,Mr,1,1,3,0,"(32.102, 48.068]",3,512.33,0,1,0,2,2
27,1,76.7292,0,1,0,0,1,11/22/2002,5,Mr,18,Mr,1,-0.960829019,Mr,1,1,2,0,"(16.136, 32.102]",3,76.73,0,1,1,2,2
20,0,9.225,0,3,0,0,0,12/06/2010,2,Mr,27,Mr,1,-0.013746801,Mr,1,1,2,0,"(16.136, 32.102]",1,9.22,0,0,1,1,2
14,0,46.9,2,3,0,5,0,02/28/2003,3,Mr,27,Mr,8,-0.013746801,Mr,1,1,1,0,"(0.0902, 16.136]",3,46.9,0,0,0,1,2
60,0,39,1,2,0,1,0,07/01/2012,3,Mr,33,Mr,3,0.617641345,Mr,1,1,4,0,"(48.068, 64.034]",3,39,0,0,0,1,2
25,1,41.5792,2,2,0,1,0,11/06/2008,5,Mr,38,Mr,4,1.143798133,Mr,1,1,2,0,"(16.136, 32.102]",3,41.58,0,0,0,2,2
14,0,39.6875,1,3,0,4,0,12/24/2012,3,Mr,24,Mr,6,-0.329440873,Mr,1,1,1,0,"(0.0902, 16.136]",3,39.69,0,0,0,1,2
19,0,10.1708,0,3,0,0,0,07/30/2007,5,Mr,17,Mr,1,-1.066060377,Mr,1,1,2,0,"(16.136, 32.102]",1,10.17,0,0,1,1,2
18,0,7.7958,0,3,0,0,0,07/17/2008,5,Mr,31,Mr,1,0.40717863,Mr,1,1,2,0,"(16.136, 32.102]",0,7.8,0,0,1,1,2
15,0,211.3375,1,1,1,0,1,03/29/2007,4,Miss,33,Miss,2,0.617641345,Miss,2,1,1,0,"(0.0902, 16.136]",3,211.34,1,1,0,1,1
31,0,57,0,1,0,1,1,04/19/2004,5,Mr,23,Mr,2,-0.434672231,Mr,1,1,2,0,"(16.136, 32.102]",3,57,0,1,0,1,2
4,1,13.4167,1,3,1,0,1,11/26/2004,3,Miss,18,Miss,2,-0.960829019,Miss,2,1,1,0,"(0.0902, 16.136]",1,13.42,1,0,0,2,1
25,1,7.225,0,3,0,0,0,02/04/2004,4,Mr,16,Mr,1,-1.171291734,Mr,1,1,2,0,"(16.136, 32.102]",0,7.22,0,0,1,2,2
60,0,26.55,0,1,0,0,0,08/30/2001,4,Col,15,Officer,1,-1.276523092,Rare,5,1,4,0,"(48.068, 64.034]",2,26.55,0,0,1,1,4
52,0,13.5,0,2,0,0,0,10/02/2003,3,Mr,26,Mr,1,-0.118978158,Mr,1,1,4,0,"(48.068, 64.034]",1,13.5,0,0,1,1,2
44,0,8.05,0,3,0,0,0,06/21/2010,2,Mr,16,Mr,1,-1.171291734,Mr,1,1,3,0,"(32.102, 48.068]",1,8.05,0,0,1,1,2
49,1,110.8833,1,1,0,1,0,02/11/2002,3,Mr,24,Mr,3,-0.329440873,Mr,1,1,4,0,"(48.068, 64.034]",3,110.88,0,1,0,2,2
42,0,7.65,0,3,0,0,0,08/31/2004,3,Mr,40,Mr,1,1.354260848,Mr,1,1,3,0,"(32.102, 48.068]",0,7.65,0,1,1,1,2
18,1,227.525,0,1,1,1,1,09/26/2005,4,Mrs,49,Mrs,2,2.301343066,Mrs,3,1,2,0,"(16.136, 32.102]",3,227.53,1,1,0,2,3
35,0,26.2875,0,1,0,0,1,09/22/2006,4,Mr,32,Mr,1,0.512409987,Mr,1,1,3,0,"(32.102, 48.068]",2,26.29,0,1,1,1,2
18,1,14.4542,1,3,1,0,0,01/22/2006,3,Miss,21,Miss,2,-0.645134946,Miss,2,1,2,0,"(16.136, 32.102]",2,14.45,1,0,0,2,1
25,2,7.7417,0,3,0,0,0,11/28/2013,5,Mr,21,Mr,1,-0.645134946,Mr,1,1,2,0,"(16.136, 32.102]",0,7.74,0,0,1,3,2
26,0,7.8542,0,3,0,1,0,11/03/2015,4,Mr,23,Mr,2,-0.434672231,Mr,1,1,2,0,"(16.136, 32.102]",0,7.85,0,0,0,1,2
39,0,26,0,2,0,0,0,11/10/2004,3,Mr,46,Mr,1,1.985648993,Mr,1,1,3,0,"(32.102, 48.068]",2,26,0,0,1,1,2
45,0,13.5,0,2,1,0,1,10/31/2003,4,Mrs,29,Mrs,1,0.196715914,Mrs,3,1,3,0,"(32.102, 48.068]",1,13.5,1,0,1,1,3
42,0,26.2875,0,1,0,0,1,09/26/2006,4,Mr,33,Mr,1,0.617641345,Mr,1,1,3,0,"(32.102, 48.068]",2,26.29,0,1,1,1,2
22,0,151.55,0,1,1,0,1,12/14/2007,4,Miss,20,Miss,1,-0.750366304,Miss,2,1,2,0,"(16.136, 32.102]",3,151.55,1,0,1,1,1
24,1,49.5042,0,1,1,0,1,09/09/2008,4,Miss,48,Miss,1,2.196111709,Miss,2,1,2,0,"(16.136, 32.102]",3,49.5,1,1,1,2,1
48,0,52,0,1,0,1,1,08/07/2008,3,Mr,24,Mr,2,-0.329440873,Mr,1,1,4,0,"(32.102, 48.068]",3,52,0,1,0,1,2
29,0,9.4833,0,3,0,0,0,12/13/2005,4,Mr,26,Mr,1,-0.118978158,Mr,1,1,2,0,"(16.136, 32.102]",1,9.48,0,0,1,1,2
52,0,13,0,2,0,0,0,05/26/2015,3,Mr,21,Mr,1,-0.645134946,Mr,1,1,4,0,"(48.068, 64.034]",1,13,0,0,1,1,2
19,0,7.65,0,3,0,0,0,10/19/2005,4,Mr,42,Mr,1,1.564723563,Mr,1,1,2,0,"(16.136, 32.102]",0,7.65,0,1,1,1,2
38,1,227.525,0,1,1,0,1,08/27/2015,4,Miss,29,Miss,1,0.196715914,Miss,2,1,3,0,"(32.102, 48.068]",3,227.53,1,1,1,2,1
27,0,10.5,0,2,1,0,1,06/15/2002,3,Miss,35,Miss,1,0.82810406,Miss,2,1,2,0,"(16.136, 32.102]",1,10.5,1,1,1,1,1
33,0,7.775,0,3,0,0,0,11/28/2015,3,Mr,28,Mr,1,0.091484557,Mr,1,1,3,0,"(32.102, 48.068]",0,7.78,0,0,1,1,2
6,0,33,1,2,1,0,1,04/03/2006,2,Miss,33,Miss,2,0.617641345,Miss,2,1,1,0,"(0.0902, 16.136]",3,33,1,0,0,1,1
17,0,7.0542,0,3,0,1,0,02/04/2008,5,Mr,25,Mr,2,-0.224209516,Mr,1,1,2,0,"(16.136, 32.102]",0,7.05,0,0,0,1,2
34,0,13,0,2,0,0,0,08/04/2014,3,Mr,28,Mr,1,0.091484557,Mr,1,1,3,0,"(32.102, 48.068]",1,13,0,0,1,1,2
50,0,13,0,2,0,0,0,01/18/2004,4,Mr,23,Mr,1,-0.434672231,Mr,1,1,4,0,"(48.068, 64.034]",1,13,0,0,1,1,2
27,0,53.1,0,1,0,1,1,10/14/2006,3,Mr,29,Mr,2,0.196715914,Mr,1,1,2,0,"(16.136, 32.102]",3,53.1,0,1,0,1,2
20,0,8.6625,0,3,0,0,0,09/10/2003,5,Mr,19,Mr,1,-0.855597661,Mr,1,1,2,0,"(16.136, 32.102]",1,8.66,0,0,1,1,2
30,0,21,0,2,1,3,1,04/28/2006,5,Mrs,43,Mrs,4,1.669954921,Mrs,3,1,2,0,"(16.136, 32.102]",2,21,1,0,0,1,3
25,0,26,0,2,0,1,0,04/21/2002,4,Mr,31,Mr,2,0.40717863,Mr,1,1,2,0,"(16.136, 32.102]",2,26,0,0,0,1,2
25,0,7.925,0,3,1,1,0,10/05/2013,4,Miss,29,Miss,2,0.196715914,Miss,2,1,2,0,"(16.136, 32.102]",1,7.92,1,0,0,1,1
29,0,211.3375,0,1,1,0,1,07/26/2004,4,Miss,29,Miss,1,0.196715914,Miss,2,1,2,0,"(16.136, 32.102]",3,211.34,1,1,1,1,1
11,1,18.7875,0,3,0,0,0,07/25/2009,4,Mr,24,Mr,1,-0.329440873,Mr,1,1,1,0,"(0.0902, 16.136]",2,18.79,0,0,1,2,2
23,0,13,0,2,0,0,0,01/09/2011,3,Mr,26,Mr,1,-0.118978158,Mr,1,1,2,0,"(16.136, 32.102]",1,13,0,0,1,1,2
23,0,13,0,2,0,0,0,01/12/2009,5,Mr,28,Mr,1,0.091484557,Mr,1,1,2,0,"(16.136, 32.102]",1,13,0,0,1,1,2
28.5,0,16.1,0,3,0,0,0,12/06/2011,3,Mr,20,Mr,1,-0.750366304,Mr,1,1,2,0,"(16.136, 32.102]",2,16.1,0,0,1,1,2
48,0,34.375,3,3,1,1,0,09/18/2009,5,Mrs,39,Mrs,5,1.24902949,Mrs,3,1,4,0,"(32.102, 48.068]",3,34.38,1,0,0,1,3
35,1,512.3292,0,1,0,0,1,05/10/2011,5,Mr,22,Mr,1,-0.539903589,Mr,1,1,3,0,"(32.102, 48.068]",3,512.33,0,1,1,2,2
36,0,78.85,0,1,0,1,0,10/23/2005,4,Mr,29,Mr,2,0.196715914,Mr,1,1,3,0,"(32.102, 48.068]",3,78.85,0,1,0,1,2
21,1,262.375,2,1,1,2,1,08/21/2013,4,Miss,37,Miss,5,1.038566775,Miss,2,1,2,0,"(16.136, 32.102]",3,262.38,1,1,0,2,1
24,0,16.1,0,3,0,1,0,06/22/2001,4,Mr,17,Mr,2,-1.066060377,Mr,1,1,2,0,"(16.136, 32.102]",2,16.1,0,0,0,1,2
31,0,7.925,0,3,0,0,1,02/06/2006,5,Mr,18,Mr,1,-0.960829019,Mr,1,1,2,0,"(16.136, 32.102]",1,7.92,0,0,1,1,2
70,0,71,1,1,0,1,0,09/14/2004,3,Capt,28,Officer,3,0.091484557,Rare,5,1,5,0,"(64.034, 80.0]",3,71,0,1,0,1,4
16,0,20.25,1,3,0,1,0,06/07/2015,4,Mr,27,Mr,3,-0.013746801,Mr,1,1,2,0,"(0.0902, 16.136]",2,20.25,0,0,0,1,2
30,0,13,0,2,1,0,1,11/02/2010,5,Miss,21,Miss,1,-0.645134946,Miss,2,1,2,0,"(16.136, 32.102]",1,13,1,0,1,1,1
19,0,53.1,0,1,0,1,0,06/30/2004,4,Mr,25,Mr,2,-0.224209516,Mr,1,1,2,0,"(16.136, 32.102]",3,53.1,0,1,0,1,2
31,2,7.75,0,3,0,0,0,11/07/2002,3,Mr,23,Mr,1,-0.434672231,Mr,1,1,2,0,"(16.136, 32.102]",0,7.75,0,0,1,3,2
4,0,23,1,2,1,1,1,07/21/2004,4,Miss,17,Miss,3,-1.066060377,Miss,2,1,1,0,"(0.0902, 16.136]",2,23,1,0,0,1,1
6,0,12.475,1,3,0,0,1,06/24/2012,3,Master,19,Master,2,-0.855597661,Master,4,0,1,0,"(0.0902, 16.136]",1,12.47,0,1,0,1,0
33,0,9.5,0,3,0,0,0,09/22/2006,4,Mr,32,Mr,1,0.512409987,Mr,1,1,3,0,"(32.102, 48.068]",1,9.5,0,0,1,1,2
23,0,7.8958,0,3,0,0,0,12/11/2004,4,Mr,18,Mr,1,-0.960829019,Mr,1,1,2,0,"(16.136, 32.102]",0,7.9,0,0,1,1,2
48,0,65,2,2,1,1,1,07/29/2001,2,Mrs,32,Mrs,4,0.512409987,Mrs,3,1,4,0,"(32.102, 48.068]",3,65,1,0,0,1,3
0.67,0,14.5,1,2,0,1,1,07/19/2005,4,Master,25,Master,3,-0.224209516,Master,4,0,1,0,"(0.0902, 16.136]",2,14.5,0,0,0,1,0
28,0,7.7958,0,3,0,0,0,02/27/2005,2,Mr,28,Mr,1,0.091484557,Mr,1,1,2,0,"(16.136, 32.102]",0,7.8,0,0,1,1,2
18,0,11.5,0,2,0,0,0,09/20/2002,2,Mr,24,Mr,1,-0.329440873,Mr,1,1,2,0,"(16.136, 32.102]",1,11.5,0,0,1,1,2
34,0,8.05,0,3,0,0,0,10/12/2009,4,Mr,28,Mr,1,0.091484557,Mr,1,1,3,0,"(32.102, 48.068]",1,8.05,0,0,1,1,2
33,0,86.5,0,1,1,0,1,09/13/2008,4,the Countess,56,Royalty,1,3.037962569,Rare,5,1,3,0,"(32.102, 48.068]",3,86.5,1,1,1,1,4
41,0,7.125,0,3,0,0,0,04/07/2007,4,Mr,30,Mr,1,0.301947272,Mr,1,1,3,0,"(32.102, 48.068]",0,7.12,0,0,1,1,2
20,1,7.2292,0,3,0,0,1,03/03/2003,4,Mr,21,Mr,1,-0.645134946,Mr,1,1,2,0,"(16.136, 32.102]",0,7.23,0,0,1,2,2
36,0,120,2,1,1,1,1,12/09/2010,5,Mrs,41,Mrs,4,1.459492206,Mrs,3,1,3,0,"(32.102, 48.068]",3,120,1,1,0,1,3
16,0,7.775,0,3,0,0,0,07/02/2015,4,Mr,22,Mr,1,-0.539903589,Mr,1,1,2,0,"(0.0902, 16.136]",0,7.78,0,0,1,1,2
51,0,77.9583,0,1,1,1,1,05/15/2010,4,Mrs,36,Mrs,2,0.933335418,Mrs,3,1,4,0,"(48.068, 64.034]",3,77.96,1,1,0,1,3
30.5,2,7.75,0,3,1,0,0,10/12/2001,3,Miss,18,Miss,1,-0.960829019,Miss,2,1,2,0,"(16.136, 32.102]",0,7.75,1,0,1,3,1
32,0,8.3625,0,3,0,0,0,10/18/2008,4,Mr,32,Mr,1,0.512409987,Mr,1,1,3,0,"(16.136, 32.102]",1,8.36,0,0,1,1,2
24,0,9.5,0,3,0,0,0,03/31/2007,4,Mr,22,Mr,1,-0.539903589,Mr,1,1,2,0,"(16.136, 32.102]",1,9.5,0,0,1,1,2
48,0,7.8542,0,3,0,0,0,02/10/2003,5,Mr,23,Mr,1,-0.434672231,Mr,1,1,4,0,"(32.102, 48.068]",0,7.85,0,0,1,1,2
57,0,10.5,0,2,1,0,0,11/22/2012,5,Mrs,17,Mrs,1,-1.066060377,Mrs,3,1,4,0,"(48.068, 64.034]",1,10.5,1,1,1,1,3
54,0,23,3,2,1,1,1,11/29/2002,4,Mrs,37,Mrs,5,1.038566775,Mrs,3,1,4,0,"(48.068, 64.034]",2,23,1,0,0,1,3
18,0,7.75,0,3,0,0,0,07/05/2007,4,Mr,39,Mr,1,1.24902949,Mr,1,1,2,0,"(16.136, 32.102]",0,7.75,0,0,1,1,2
5,0,12.475,0,3,1,0,1,02/08/2009,4,Miss,29,Miss,1,0.196715914,Miss,2,1,1,0,"(0.0902, 16.136]",1,12.47,1,0,1,1,1
43,0,211.3375,1,1,1,0,1,10/06/2004,4,Mrs,53,Mrs,2,2.722268497,Mrs,3,1,3,0,"(32.102, 48.068]",3,211.34,1,1,0,1,3
13,1,7.2292,0,3,1,0,1,03/28/2009,4,Miss,20,Miss,1,-0.750366304,Miss,2,1,1,0,"(0.0902, 16.136]",0,7.23,1,0,1,2,1
17,0,57,0,1,1,1,1,02/28/2011,5,Mrs,41,Mrs,2,1.459492206,Mrs,3,1,2,0,"(16.136, 32.102]",3,57,1,1,0,1,3
29,0,30,0,1,0,0,0,11/18/2011,3,Mr,22,Mr,1,-0.539903589,Mr,1,1,2,0,"(16.136, 32.102]",2,30,0,1,1,1,2
25,0,7.05,0,3,0,0,0,11/07/2007,3,Mr,16,Mr,1,-1.171291734,Mr,1,1,2,0,"(16.136, 32.102]",0,7.05,0,0,1,1,2
25,0,7.25,0,3,0,0,0,01/19/2006,3,Mr,34,Mr,1,0.722872702,Mr,1,1,2,0,"(16.136, 32.102]",0,7.25,0,0,1,1,2
18,0,7.4958,0,3,1,0,1,02/08/2009,4,Miss,25,Miss,1,-0.224209516,Miss,2,1,2,0,"(16.136, 32.102]",0,7.5,1,0,1,1,1
8,2,29.125,1,3,0,4,0,01/31/2008,3,Master,25,Master,6,-0.224209516,Master,4,0,1,0,"(0.0902, 16.136]",2,29.12,0,0,0,3,0
1,0,20.575,2,3,0,1,1,06/09/2006,4,Master,26,Master,4,-0.118978158,Master,4,0,1,0,"(0.0902, 16.136]",2,20.57,0,0,0,1,0
46,1,79.2,0,1,0,0,0,01/12/2007,4,Mr,24,Mr,1,-0.329440873,Mr,1,1,3,0,"(32.102, 48.068]",3,79.2,0,1,1,2,2
16,0,26,0,2,0,0,0,09/29/2006,4,Mr,19,Mr,1,-0.855597661,Mr,1,1,2,0,"(0.0902, 16.136]",2,26,0,0,1,1,2
25,0,7.8958,0,3,0,0,0,05/01/2013,4,Mr,21,Mr,1,-0.645134946,Mr,1,1,2,0,"(16.136, 32.102]",0,7.9,0,0,1,1,2
39,0,13,0,2,0,0,0,08/04/2015,5,Mr,18,Mr,1,-0.960829019,Mr,1,1,3,0,"(32.102, 48.068]",1,13,0,0,1,1,2
49,0,25.9292,0,1,1,0,1,10/21/2012,4,Dr,27,Officer,1,-0.013746801,Rare,5,1,4,0,"(48.068, 64.034]",2,25.93,1,1,1,1,4
31,0,8.6833,0,3,1,0,1,01/01/2002,3,Mrs,16,Mrs,1,-1.171291734,Mrs,3,1,2,0,"(16.136, 32.102]",1,8.68,1,0,1,1,3
30,1,7.2292,0,3,0,0,0,11/04/2009,3,Mr,28,Mr,1,0.091484557,Mr,1,1,2,0,"(16.136, 32.102]",0,7.23,0,0,1,2,2
30,0,24.15,1,3,1,1,0,08/30/2005,5,Mrs,52,Mrs,3,2.617037139,Mrs,3,1,2,0,"(16.136, 32.102]",2,24.15,1,0,0,1,3
34,0,13,0,2,0,0,0,08/04/2003,4,Mr,20,Mr,1,-0.750366304,Mr,1,1,3,0,"(32.102, 48.068]",1,13,0,0,1,1,2
31,0,26.25,1,2,1,1,1,08/01/2010,3,Mrs,43,Mrs,3,1.669954921,Mrs,3,1,2,0,"(16.136, 32.102]",2,26.25,1,0,0,1,3
11,0,120,2,1,0,1,1,01/23/2012,5,Master,35,Master,4,0.82810406,Master,4,0,1,0,"(0.0902, 16.136]",3,120,0,1,0,1,0
0.42,1,8.5167,1,3,0,0,1,07/05/2013,3,Master,31,Master,2,0.40717863,Master,4,0,1,0,"(0.0902, 16.136]",1,8.52,0,0,0,2,0
27,0,6.975,0,3,0,0,1,12/10/2013,5,Mr,23,Mr,1,-0.434672231,Mr,1,1,2,0,"(16.136, 32.102]",0,6.97,0,0,1,1,2
31,0,7.775,0,3,0,0,0,04/21/2013,4,Mr,25,Mr,1,-0.224209516,Mr,1,1,2,0,"(16.136, 32.102]",0,7.78,0,0,1,1,2
39,0,0,0,1,0,0,0,09/12/2015,3,Mr,22,Mr,1,-0.539903589,Mr,1,1,3,0,"(32.102, 48.068]",0,0,0,1,1,1,2
18,0,7.775,0,3,1,0,0,07/19/2013,3,Miss,31,Miss,1,0.40717863,Miss,2,1,2,0,"(16.136, 32.102]",0,7.78,1,0,1,1,1
39,0,13,0,2,0,0,0,03/11/2012,5,Mr,17,Mr,1,-1.066060377,Mr,1,1,3,0,"(32.102, 48.068]",1,13,0,0,1,1,2
33,0,53.1,0,1,1,1,1,08/14/2009,3,Mrs,46,Mrs,2,1.985648993,Mrs,3,1,3,0,"(32.102, 48.068]",3,53.1,1,1,0,1,3
26,0,7.8875,0,3,0,0,0,06/03/2010,4,Mr,22,Mr,1,-0.539903589,Mr,1,1,2,0,"(16.136, 32.102]",0,7.89,0,0,1,1,2
39,0,24.15,0,3,0,0,0,07/26/2012,3,Mr,17,Mr,1,-1.066060377,Mr,1,1,3,0,"(32.102, 48.068]",2,24.15,0,0,1,1,2
35,0,10.5,0,2,0,0,0,03/06/2014,5,Mr,25,Mr,1,-0.224209516,Mr,1,1,3,0,"(32.102, 48.068]",1,10.5,0,0,1,1,2
6,0,31.275,2,3,1,4,0,02/28/2011,5,Miss,34,Miss,7,0.722872702,Miss,2,1,1,0,"(0.0902, 16.136]",3,31.27,1,0,0,1,1
30.5,0,8.05,0,3,0,0,0,09/08/2011,3,Mr,26,Mr,1,-0.118978158,Mr,1,1,2,0,"(16.136, 32.102]",1,8.05,0,0,1,1,2
23,0,7.925,0,3,1,0,0,06/28/2011,3,Miss,28,Miss,1,0.091484557,Miss,2,1,2,0,"(16.136, 32.102]",1,7.92,1,0,1,1,1
31,1,37.0042,1,2,0,1,0,01/16/2014,3,Mr,18,Mr,3,-0.960829019,Mr,1,1,2,0,"(16.136, 32.102]",3,37,0,0,0,2,2
43,0,6.45,0,3,0,0,0,01/03/2013,5,Mr,32,Mr,1,0.512409987,Mr,1,1,3,0,"(32.102, 48.068]",0,6.45,0,0,1,1,2
10,0,27.9,2,3,0,3,0,12/24/2015,5,Master,28,Master,6,0.091484557,Master,4,0,1,0,"(0.0902, 16.136]",2,27.9,0,0,0,1,0
52,0,93.5,1,1,1,1,1,10/01/2012,5,Mrs,50,Mrs,3,2.406574424,Mrs,3,1,4,0,"(48.068, 64.034]",3,93.5,1,1,0,1,3
27,0,8.6625,0,3,0,0,1,12/07/2015,4,Mr,17,Mr,1,-1.066060377,Mr,1,1,2,0,"(16.136, 32.102]",1,8.66,0,0,1,1,2
38,0,0,0,1,0,0,0,05/14/2014,3,Jonkheer,31,Royalty,1,0.40717863,Rare,5,1,3,0,"(32.102, 48.068]",0,0,0,0,1,1,4
27,0,12.475,1,3,1,0,1,06/26/2007,4,Mrs,18,Mrs,2,-0.960829019,Mrs,3,1,2,0,"(16.136, 32.102]",1,12.47,1,1,0,1,3
2,0,39.6875,1,3,0,4,0,02/13/2015,5,Master,28,Master,6,0.091484557,Master,4,0,1,0,"(0.0902, 16.136]",3,39.69,0,0,0,1,0
1,1,37.0042,2,2,0,0,1,10/23/2012,5,Master,21,Master,3,-0.645134946,Master,4,0,1,0,"(0.0902, 16.136]",3,37,0,0,0,2,0
62,-1,80,0,1,1,0,1,11/30/2014,4,Mrs,41,Mrs,1,1.459492206,Mrs,3,1,4,0,"(48.068, 64.034]",3,80,1,1,1,0,3
15,1,14.4542,0,3,1,1,1,10/17/2013,2,Mrs,39,Mrs,2,1.24902949,Mrs,3,1,1,0,"(0.0902, 16.136]",2,14.45,1,0,0,2,3
0.83,0,18.75,1,2,0,1,1,02/22/2009,4,Master,31,Master,3,0.40717863,Master,4,0,1,0,"(0.0902, 16.136]",2,18.75,0,0,0,1,0
23,0,7.8542,0,3,0,0,0,10/26/2008,4,Mr,22,Mr,1,-0.539903589,Mr,1,1,2,0,"(16.136, 32.102]",0,7.85,0,0,1,1,2
18,0,8.3,0,3,0,0,0,09/04/2014,2,Mr,22,Mr,1,-0.539903589,Mr,1,1,2,0,"(16.136, 32.102]",1,8.3,0,0,1,1,2
39,1,83.1583,1,1,1,1,1,10/01/2009,5,Miss,27,Miss,3,-0.013746801,Miss,2,1,3,0,"(32.102, 48.068]",3,83.16,1,1,0,2,1
21,0,8.6625,0,3,0,0,0,02/10/2014,4,Mr,16,Mr,1,-1.171291734,Mr,1,1,2,0,"(16.136, 32.102]",1,8.66,0,0,1,1,2
32,0,56.4958,0,3,0,0,1,09/03/2009,4,Mr,15,Mr,1,-1.276523092,Mr,1,1,3,0,"(16.136, 32.102]",3,56.5,0,0,1,1,2
20,0,7.925,0,3,0,0,0,03/30/2005,4,Mr,27,Mr,1,-0.013746801,Mr,1,1,2,0,"(16.136, 32.102]",1,7.92,0,0,1,1,2
16,0,10.5,0,2,0,0,0,12/12/2015,3,Mr,24,Mr,1,-0.329440873,Mr,1,1,2,0,"(0.0902, 16.136]",1,10.5,0,0,1,1,2
30,1,31,0,1,1,0,1,06/09/2011,4,Miss,23,Miss,1,-0.434672231,Miss,2,1,2,0,"(16.136, 32.102]",2,31,1,0,1,2,1
34.5,1,6.4375,0,3,0,0,0,05/12/2009,4,Mr,26,Mr,1,-0.118978158,Mr,1,1,3,0,"(32.102, 48.068]",0,6.44,0,0,1,2,2
17,0,8.6625,0,3,0,0,0,02/27/2002,4,Mr,19,Mr,1,-0.855597661,Mr,1,1,2,0,"(16.136, 32.102]",1,8.66,0,0,1,1,2
42,0,7.55,0,3,0,0,0,04/15/2012,4,Mr,19,Mr,1,-0.855597661,Mr,1,1,3,0,"(32.102, 48.068]",0,7.55,0,0,1,1,2
35,1,7.8958,0,3,0,0,0,06/07/2008,4,Mr,18,Mr,1,-0.960829019,Mr,1,1,3,0,"(32.102, 48.068]",0,7.9,0,0,1,2,2
28,0,33,1,2,0,0,0,02/03/2002,4,Rev,17,Officer,2,-1.066060377,Rare,5,1,2,0,"(16.136, 32.102]",3,33,0,0,0,1,4
4,0,31.275,2,3,0,4,0,12/25/2008,3,Master,39,Master,7,1.24902949,Master,4,0,1,0,"(0.0902, 16.136]",3,31.27,0,0,0,1,0
74,0,7.775,0,3,0,0,0,03/13/2004,5,Mr,19,Mr,1,-0.855597661,Mr,1,1,5,0,"(64.034, 80.0]",0,7.78,0,0,1,1,2
9,1,15.2458,1,3,1,1,0,03/06/2011,3,Miss,23,Miss,3,-0.434672231,Miss,2,1,1,0,"(0.0902, 16.136]",2,15.25,1,0,0,2,1
16,0,39.4,1,1,1,0,1,04/23/2011,5,Miss,25,Miss,2,-0.224209516,Miss,2,1,2,0,"(0.0902, 16.136]",3,39.4,1,1,0,1,1
44,0,26,0,2,1,1,0,03/12/2011,5,Mrs,45,Mrs,2,1.880417636,Mrs,3,1,3,0,"(32.102, 48.068]",2,26,1,0,0,1,3
18,0,9.35,1,3,1,0,1,10/16/2010,5,Mrs,26,Mrs,2,-0.118978158,Mrs,3,1,2,0,"(16.136, 32.102]",1,9.35,1,0,0,1,3
45,0,164.8667,1,1,1,1,1,10/22/2003,5,Mrs,42,Mrs,3,1.564723563,Mrs,3,1,3,0,"(32.102, 48.068]",3,164.87,1,0,0,1,3
51,0,26.55,0,1,0,0,1,05/18/2008,5,Mr,22,Mr,1,-0.539903589,Mr,1,1,4,0,"(48.068, 64.034]",2,26.55,0,1,1,1,2
24,1,19.2583,3,3,1,0,1,03/17/2014,5,Mrs,37,Mrs,4,1.038566775,Mrs,3,1,2,0,"(16.136, 32.102]",2,19.26,1,0,0,2,3
41,0,14.1083,0,3,0,2,0,08/23/2007,5,Mr,23,Mr,3,-0.434672231,Mr,1,1,3,0,"(32.102, 48.068]",1,14.11,0,0,0,1,2
21,0,11.5,0,2,0,1,0,08/04/2013,4,Mr,27,Mr,2,-0.013746801,Mr,1,1,2,0,"(16.136, 32.102]",1,11.5,0,0,0,1,2
48,0,25.9292,0,1,1,0,1,11/09/2015,5,Mrs,51,Mrs,1,2.511805781,Mrs,3,1,4,0,"(32.102, 48.068]",2,25.93,1,1,1,1,3
24,0,13,0,2,0,0,0,07/17/2003,5,Mr,22,Mr,1,-0.539903589,Mr,1,1,2,0,"(16.136, 32.102]",1,13,0,0,1,1,2
42,0,13,0,2,1,0,1,03/25/2005,4,Mrs,24,Mrs,1,-0.329440873,Mrs,3,1,3,0,"(32.102, 48.068]",1,13,1,0,1,1,3
27,1,13.8583,0,2,1,1,1,04/26/2006,5,Miss,28,Miss,2,0.091484557,Miss,2,1,2,0,"(16.136, 32.102]",1,13.86,1,0,0,2,1
31,0,50.4958,0,1,0,0,0,12/25/2005,4,Mr,36,Mr,1,0.933335418,Mr,1,1,2,0,"(16.136, 32.102]",3,50.5,0,1,1,1,2
4,0,11.1333,1,3,0,1,1,02/01/2011,4,Master,31,Master,3,0.40717863,Master,4,0,1,0,"(0.0902, 16.136]",1,11.13,0,0,0,1,0
26,0,7.8958,0,3,0,0,0,05/04/2003,3,Mr,17,Mr,1,-1.066060377,Mr,1,1,2,0,"(16.136, 32.102]",0,7.9,0,0,1,1,2
47,0,52.5542,1,1,1,1,1,09/26/2007,5,Mrs,48,Mrs,3,2.196111709,Mrs,3,1,3,0,"(32.102, 48.068]",3,52.55,1,1,0,1,3
33,0,5,0,1,0,0,0,03/05/2004,4,Mr,24,Mr,1,-0.329440873,Mr,1,1,3,0,"(32.102, 48.068]",0,5,0,1,1,1,2
47,0,9,0,3,0,0,0,09/09/2012,4,Mr,27,Mr,1,-0.013746801,Mr,1,1,3,0,"(32.102, 48.068]",1,9,0,0,1,1,2
28,1,24,0,2,1,1,1,03/11/2004,4,Mrs,37,Mrs,2,1.038566775,Mrs,3,1,2,0,"(16.136, 32.102]",2,24,1,0,0,2,3
15,1,7.225,0,3,1,0,1,07/02/2002,5,Miss,32,Miss,1,0.512409987,Miss,2,1,1,0,"(0.0902, 16.136]",0,7.22,1,0,1,2,1
20,0,9.8458,0,3,0,0,0,10/17/2008,3,Mr,29,Mr,1,0.196715914,Mr,1,1,2,0,"(16.136, 32.102]",1,9.85,0,0,1,1,2
19,0,7.8958,0,3,0,0,0,03/10/2006,3,Mr,20,Mr,1,-0.750366304,Mr,1,1,2,0,"(16.136, 32.102]",0,7.9,0,0,1,1,2
56,1,83.1583,1,1,1,0,1,08/16/2014,3,Mrs,45,Mrs,2,1.880417636,Mrs,3,1,4,0,"(48.068, 64.034]",3,83.16,1,1,0,2,3
25,0,26,1,2,1,0,1,01/24/2010,3,Mrs,44,Mrs,2,1.775186278,Mrs,3,1,2,0,"(16.136, 32.102]",2,26,1,0,0,1,3
33,0,7.8958,0,3,0,0,0,12/09/2002,3,Mr,18,Mr,1,-0.960829019,Mr,1,1,3,0,"(32.102, 48.068]",0,7.9,0,0,1,1,2
22,0,10.5167,0,3,1,0,0,05/04/2007,5,Miss,28,Miss,1,0.091484557,Miss,2,1,2,0,"(16.136, 32.102]",1,10.52,1,0,1,1,1
28,0,10.5,0,2,0,0,0,06/18/2012,5,Mr,29,Mr,1,0.196715914,Mr,1,1,2,0,"(16.136, 32.102]",1,10.5,0,0,1,1,2
25,0,7.05,0,3,0,0,0,07/07/2008,5,Mr,22,Mr,1,-0.539903589,Mr,1,1,2,0,"(16.136, 32.102]",0,7.05,0,0,1,1,2
39,2,29.125,5,3,1,0,0,10/19/2015,2,Mrs,36,Mrs,6,0.933335418,Mrs,3,1,3,0,"(32.102, 48.068]",2,29.12,1,0,0,3,3
27,0,13,0,2,0,0,0,04/03/2015,4,Rev,21,Officer,1,-0.645134946,Rare,5,1,2,0,"(16.136, 32.102]",1,13,0,0,1,1,4
19,0,30,0,1,1,0,1,07/28/2014,5,Miss,28,Miss,1,0.091484557,Miss,2,1,2,0,"(16.136, 32.102]",2,30,1,1,1,1,1
26,1,30,0,1,0,0,1,07/18/2007,4,Mr,21,Mr,1,-0.645134946,Mr,1,1,2,0,"(16.136, 32.102]",2,30,0,1,1,2,2
32,2,7.75,0,3,0,0,0,04/09/2005,4,Mr,19,Mr,1,-0.855597661,Mr,1,1,3,0,"(16.136, 32.102]",0,7.75,0,0,1,3,2
